{"nm":"forhadbhaianimation 2","ddd":0,"h":341,"w":500,"meta":{"g":"@lottiefiles/toolkit-js 0.33.2"},"layers":[{"ty":4,"nm":"forhadbhaianimation Outlines","sr":1,"st":0,"op":90,"ip":0,"hd":false,"ddd":0,"bm":0,"hasMask":false,"ao":0,"ks":{"a":{"a":0,"k":[227.5,141.5,0],"ix":1},"s":{"a":0,"k":[100,100,100],"ix":6},"sk":{"a":0,"k":0},"p":{"a":0,"k":[250,170.5,0],"ix":2},"r":{"a":0,"k":0,"ix":10},"sa":{"a":0,"k":0},"o":{"a":0,"k":100,"ix":11}},"ef":[],"shapes":[{"ty":"gr","bm":0,"hd":false,"mn":"ADBE Vector Group","nm":"women left hand","ix":1,"cix":2,"np":2,"it":[{"ty":"gr","bm":0,"hd":false,"mn":"ADBE Vector Group","nm":"Group 1","ix":1,"cix":2,"np":2,"it":[{"ty":"sh","bm":0,"hd":false,"mn":"ADBE Vector Shape - Group","nm":"Path 1","ix":1,"d":1,"ks":{"a":0,"k":{"c":true,"i":[[0,0],[-0.111,-1.11],[-1.554,-0.111],[1.776,-0.888],[-1.11,-1.221],[-1.332,0.555],[-1.665,0.888],[-0.888,0.666],[0,0],[0,0],[0.444,0.111]],"o":[[-2.997,1.11],[0.111,0.777],[-0.555,1.11],[-1.997,0.999],[1.109,1.11],[1.332,-0.555],[1.776,-0.888],[0.887,-0.555],[-0.444,0.111],[0,0],[-0.555,-0.222]],"v":[[-1.276,-5.772],[-6.049,-2.442],[-1.831,-2.997],[-5.494,0.666],[-7.492,4.218],[-3.163,6.438],[4.385,1.776],[7.715,-1.887],[6.049,-6.993],[3.053,-6.327],[0.611,-6.105]]},"ix":2}},{"ty":"fl","bm":0,"hd":false,"mn":"ADBE Vector Graphic - Fill","nm":"Fill 1","c":{"a":0,"k":[0.9961,0.7686,0.6784],"ix":4},"r":1,"o":{"a":0,"k":100,"ix":5}},{"ty":"tr","a":{"a":0,"k":[0,0],"ix":1},"s":{"a":0,"k":[100,100],"ix":3},"sk":{"a":0,"k":0,"ix":4},"p":{"a":0,"k":[170.032,129.578],"ix":2},"r":{"a":0,"k":0,"ix":6},"sa":{"a":0,"k":0,"ix":5},"o":{"a":0,"k":100,"ix":7}}]},{"ty":"gr","bm":0,"hd":false,"mn":"ADBE Vector Group","nm":"Group 2","ix":2,"cix":2,"np":2,"it":[{"ty":"sh","bm":0,"hd":false,"mn":"ADBE Vector Shape - Group","nm":"Path 1","ix":1,"d":1,"ks":{"a":0,"k":{"c":true,"i":[[-0.666,-8.436],[0,0],[0,0],[-1.221,0.999],[-0.888,5.327],[3.219,7.325]],"o":[[0.666,7.992],[-7.214,6.326],[0,0],[9.99,-7.769],[1.332,-8.879],[-2.553,-5.772]],"v":[[0.389,-21.699],[3.384,8.935],[-14.04,25.805],[-9.935,30.578],[12.264,12.82],[10.822,-25.805]]},"ix":2}},{"ty":"fl","bm":0,"hd":false,"mn":"ADBE Vector Graphic - Fill","nm":"Fill 1","c":{"a":0,"k":[0.9961,0.7686,0.6784],"ix":4},"r":1,"o":{"a":0,"k":100,"ix":5}},{"ty":"tr","a":{"a":0,"k":[0,0],"ix":1},"s":{"a":0,"k":[100,100],"ix":3},"sk":{"a":0,"k":0,"ix":4},"p":{"a":0,"k":[187.127,97.446],"ix":2},"r":{"a":0,"k":0,"ix":6},"sa":{"a":0,"k":0,"ix":5},"o":{"a":0,"k":100,"ix":7}}]},{"ty":"tr","a":{"a":0,"k":[181.249,102.145],"ix":1},"s":{"a":0,"k":[100,100],"ix":3},"sk":{"a":0,"k":0,"ix":4},"p":{"a":0,"k":[181.249,102.145],"ix":2},"r":{"a":0,"k":0,"ix":6},"sa":{"a":0,"k":0,"ix":5},"o":{"a":0,"k":100,"ix":7}}]},{"ty":"gr","bm":0,"hd":false,"mn":"ADBE Vector Group","nm":"Group 3","ix":2,"cix":2,"np":2,"it":[{"ty":"sh","bm":0,"hd":false,"mn":"ADBE Vector Shape - Group","nm":"Path 1","ix":1,"d":1,"ks":{"a":0,"k":{"c":true,"i":[[0,0],[2.996,0.333],[0,0],[0,0],[-3.107,0],[1.998,-1.333]],"o":[[-1.887,0.222],[-3.774,-0.444],[0,0],[0,0],[3.996,0],[-1.998,1.332]],"v":[[3.163,4.217],[-2.83,3.774],[-8.269,4.329],[-6.826,-1.997],[0.721,-4.439],[6.271,-1.553]]},"ix":2}},{"ty":"fl","bm":0,"hd":false,"mn":"ADBE Vector Graphic - Fill","nm":"Fill 1","c":{"a":0,"k":[0.2784,0.102,0.0863],"ix":4},"r":1,"o":{"a":0,"k":100,"ix":5}},{"ty":"tr","a":{"a":0,"k":[0,0],"ix":1},"s":{"a":0,"k":[100,100],"ix":3},"sk":{"a":0,"k":0,"ix":4},"p":{"a":0,"k":[173.807,35.012],"ix":2},"r":{"a":0,"k":0,"ix":6},"sa":{"a":0,"k":0,"ix":5},"o":{"a":0,"k":100,"ix":7}}]},{"ty":"gr","bm":0,"hd":false,"mn":"ADBE Vector Group","nm":"Group 4","ix":3,"cix":2,"np":2,"it":[{"ty":"sh","bm":0,"hd":false,"mn":"ADBE Vector Shape - Group","nm":"Path 1","ix":1,"d":1,"ks":{"a":0,"k":{"c":true,"i":[[0,0],[-1.332,-0.333],[0.999,-1.665],[0,0]],"o":[[0,0],[1.332,0.333],[-1.11,1.665],[0,0]],"v":[[-1.886,-1.221],[1.553,-3.219],[1.997,0.888],[-2.996,3.552]]},"ix":2}},{"ty":"fl","bm":0,"hd":false,"mn":"ADBE Vector Graphic - Fill","nm":"Fill 1","c":{"a":0,"k":[0.9961,0.7686,0.6784],"ix":4},"r":1,"o":{"a":0,"k":100,"ix":5}},{"ty":"tr","a":{"a":0,"k":[0,0],"ix":1},"s":{"a":0,"k":[100,100],"ix":3},"sk":{"a":0,"k":0,"ix":4},"p":{"a":0,"k":[183.631,44.89],"ix":2},"r":{"a":0,"k":0,"ix":6},"sa":{"a":0,"k":0,"ix":5},"o":{"a":0,"k":100,"ix":7}}]},{"ty":"gr","bm":0,"hd":false,"mn":"ADBE Vector Group","nm":"Group 5","ix":4,"cix":2,"np":2,"it":[{"ty":"sh","bm":0,"hd":false,"mn":"ADBE Vector Shape - Group","nm":"Path 1","ix":1,"d":1,"ks":{"a":0,"k":{"c":true,"i":[[0,0],[-0.111,-2.553],[1.665,-5.772],[2.331,-6.216],[-1.221,-2.22],[-1.665,2.665],[0,0],[-0.222,3.996],[3.219,3.662]],"o":[[0.999,0.111],[0.111,2.663],[-1.775,5.772],[-2.331,6.327],[0,0],[2.664,-4.328],[0,0],[0.222,-3.996],[-3.107,-3.552]],"v":[[-6.937,-22.476],[-5.161,-15.15],[-2.831,-4.717],[-6.604,12.82],[-4.828,23.586],[1.831,15.483],[8.935,12.265],[1.609,-6.382],[-0.611,-20.034]]},"ix":2}},{"ty":"fl","bm":0,"hd":false,"mn":"ADBE Vector Graphic - Fill","nm":"Fill 1","c":{"a":0,"k":[0.2784,0.102,0.0863],"ix":4},"r":1,"o":{"a":0,"k":100,"ix":5}},{"ty":"tr","a":{"a":0,"k":[0,0],"ix":1},"s":{"a":0,"k":[100,100],"ix":3},"sk":{"a":0,"k":0,"ix":4},"p":{"a":0,"k":[184.683,54.492],"ix":2},"r":{"a":0,"k":0,"ix":6},"sa":{"a":0,"k":0,"ix":5},"o":{"a":0,"k":100,"ix":7}}]},{"ty":"gr","bm":0,"hd":false,"mn":"ADBE Vector Group","nm":"Group 6","ix":5,"cix":2,"np":2,"it":[{"ty":"sh","bm":0,"hd":false,"mn":"ADBE Vector Shape - Group","nm":"Path 1","ix":1,"d":1,"ks":{"a":0,"k":{"c":true,"i":[[0,0],[5.327,-0.888],[0,0],[-1.11,3.441]],"o":[[0,0],[-5.328,0.777],[0,0],[0,0]],"v":[[7.27,-4.995],[-0.055,5.549],[-7.27,0.443],[5.161,-6.327]]},"ix":2}},{"ty":"fl","bm":0,"hd":false,"mn":"ADBE Vector Graphic - Fill","nm":"Fill 1","c":{"a":0,"k":[1,1,1],"ix":4},"r":1,"o":{"a":0,"k":100,"ix":5}},{"ty":"tr","a":{"a":0,"k":[0,0],"ix":1},"s":{"a":0,"k":[100,100],"ix":3},"sk":{"a":0,"k":0,"ix":4},"p":{"a":0,"k":[179.911,66.756],"ix":2},"r":{"a":0,"k":0,"ix":6},"sa":{"a":0,"k":0,"ix":5},"o":{"a":0,"k":100,"ix":7}}]},{"ty":"gr","bm":0,"hd":false,"mn":"ADBE Vector Group","nm":"Group 7","ix":6,"cix":2,"np":2,"it":[{"ty":"sh","bm":0,"hd":false,"mn":"ADBE Vector Shape - Group","nm":"Path 1","ix":1,"d":1,"ks":{"a":0,"k":{"c":true,"i":[[0,0],[-3.219,-0.999],[2.997,1.11],[0,0]],"o":[[0,0],[0,0],[-4.217,-1.554],[0,0]],"v":[[-0.222,-5.994],[4.217,-0.333],[-0.001,4.884],[-2.552,-5.439]]},"ix":2}},{"ty":"fl","bm":0,"hd":false,"mn":"ADBE Vector Graphic - Fill","nm":"Fill 1","c":{"a":0,"k":[1,1,1],"ix":4},"r":1,"o":{"a":0,"k":100,"ix":5}},{"ty":"tr","a":{"a":0,"k":[0,0],"ix":1},"s":{"a":0,"k":[100,100],"ix":3},"sk":{"a":0,"k":0,"ix":4},"p":{"a":0,"k":[168.425,67.533],"ix":2},"r":{"a":0,"k":0,"ix":6},"sa":{"a":0,"k":0,"ix":5},"o":{"a":0,"k":100,"ix":7}}]},{"ty":"gr","bm":0,"hd":false,"mn":"ADBE Vector Group","nm":"Group 8","ix":7,"cix":2,"np":2,"it":[{"ty":"sh","bm":0,"hd":false,"mn":"ADBE Vector Shape - Group","nm":"Path 1","ix":1,"d":1,"ks":{"a":0,"k":{"c":true,"i":[[0,0],[-3.108,1.997],[0,0],[10.211,-14.984],[-6.327,-23.974],[9.545,3.33],[7.214,1.887],[0,0],[0,0],[-2.775,6.216],[0,0],[0,0],[-1.443,-1.11]],"o":[[0,0],[0,0],[0,0],[0,0],[0,0],[-8.214,-2.886],[-10.545,-2.664],[5.549,-8.324],[0,0],[3.884,-8.88],[0,0],[0,0],[1.442,0.999]],"v":[[-4.606,-30.413],[8.714,-34.962],[18.814,-28.969],[14.596,-8.324],[17.038,29.301],[5.827,32.188],[-9.712,25.305],[-23.031,20.977],[-18.48,-0.445],[-22.031,-12.654],[-16.815,-34.186],[-11.376,-35.518],[-7.048,-30.856]]},"ix":2}},{"ty":"fl","bm":0,"hd":false,"mn":"ADBE Vector Graphic - Fill","nm":"Fill 1","c":{"a":0,"k":[1,0.8941,0.0196],"ix":4},"r":1,"o":{"a":0,"k":100,"ix":5}},{"ty":"tr","a":{"a":0,"k":[0,0],"ix":1},"s":{"a":0,"k":[100,100],"ix":3},"sk":{"a":0,"k":0,"ix":4},"p":{"a":0,"k":[177.248,97.612],"ix":2},"r":{"a":0,"k":0,"ix":6},"sa":{"a":0,"k":0,"ix":5},"o":{"a":0,"k":100,"ix":7}}]},{"ty":"gr","bm":0,"hd":false,"mn":"ADBE Vector Group","nm":"Group 9","ix":8,"cix":2,"np":2,"it":[{"ty":"sh","bm":0,"hd":false,"mn":"ADBE Vector Shape - Group","nm":"Path 1","ix":1,"d":1,"ks":{"a":0,"k":{"c":true,"i":[[0,0],[-1.776,-4.107],[0,0],[5.106,-7.437],[0,0],[1.665,6.993],[0,0],[-1.998,0.777],[0,0]],"o":[[0,0],[1.22,2.775],[0,0],[-5.105,7.437],[0,0],[-1.665,-6.992],[0,0],[4.994,-1.887],[0,0]],"v":[[8.658,-21.033],[9.657,-8.38],[15.983,-4.384],[11.099,10.822],[-9.767,21.033],[-14.54,7.825],[-11.765,-4.495],[-5.438,-6.715],[-0.999,-16.482]]},"ix":2}},{"ty":"fl","bm":0,"hd":false,"mn":"ADBE Vector Graphic - Fill","nm":"Fill 1","c":{"a":0,"k":[0.9961,0.7686,0.6784],"ix":4},"r":1,"o":{"a":0,"k":100,"ix":5}},{"ty":"tr","a":{"a":0,"k":[0,0],"ix":1},"s":{"a":0,"k":[100,100],"ix":3},"sk":{"a":0,"k":0,"ix":4},"p":{"a":0,"k":[173.641,68.365],"ix":2},"r":{"a":0,"k":0,"ix":6},"sa":{"a":0,"k":0,"ix":5},"o":{"a":0,"k":100,"ix":7}}]},{"ty":"gr","bm":0,"hd":false,"mn":"ADBE Vector Group","nm":"Group 10","ix":9,"cix":2,"np":2,"it":[{"ty":"sh","bm":0,"hd":false,"mn":"ADBE Vector Shape - Group","nm":"Path 1","ix":1,"d":1,"ks":{"a":0,"k":{"c":true,"i":[[0,0],[0.111,-3.441],[-2.33,-1.665],[-3.219,1.332],[-0.665,1.998],[0.777,3.774],[2.775,0.555]],"o":[[-0.333,1.887],[-0.111,3.441],[2.331,1.555],[3.108,-1.332],[0.666,-1.998],[-0.665,-3.885],[-2.886,-0.555]],"v":[[-6.826,-10.045],[-8.712,0.61],[-6.161,11.376],[3.607,10.377],[8.158,4.828],[7.824,-6.382],[1.831,-12.376]]},"ix":2}},{"ty":"fl","bm":0,"hd":false,"mn":"ADBE Vector Graphic - Fill","nm":"Fill 1","c":{"a":0,"k":[0.9961,0.7686,0.6784],"ix":4},"r":1,"o":{"a":0,"k":100,"ix":5}},{"ty":"tr","a":{"a":0,"k":[0,0],"ix":1},"s":{"a":0,"k":[100,100],"ix":3},"sk":{"a":0,"k":0,"ix":4},"p":{"a":0,"k":[176.248,44.502],"ix":2},"r":{"a":0,"k":0,"ix":6},"sa":{"a":0,"k":0,"ix":5},"o":{"a":0,"k":100,"ix":7}}]},{"ty":"gr","bm":0,"hd":false,"mn":"ADBE Vector Group","nm":"Group 11","ix":10,"cix":2,"np":2,"it":[{"ty":"sh","bm":0,"hd":false,"mn":"ADBE Vector Shape - Group","nm":"Path 1","ix":1,"d":1,"ks":{"a":0,"k":{"c":true,"i":[[0,0],[0,0],[-2.886,-4.44],[-0.666,-4.884],[0.111,-3.552],[0,0],[0,0],[1.664,8.213]],"o":[[0,0],[0,0],[2.886,4.44],[0.666,4.883],[-0.111,3.662],[0,0],[0,0],[-1.443,-8.325]],"v":[[-10.266,-16.261],[-4.385,-20.257],[3.496,-16.482],[8.046,-0.722],[10.266,16.816],[5.716,20.923],[-9.046,14.596],[-8.935,-1.388]]},"ix":2}},{"ty":"fl","bm":0,"hd":false,"mn":"ADBE Vector Graphic - Fill","nm":"Fill 1","c":{"a":0,"k":[0.2784,0.102,0.0863],"ix":4},"r":1,"o":{"a":0,"k":100,"ix":5}},{"ty":"tr","a":{"a":0,"k":[0,0],"ix":1},"s":{"a":0,"k":[100,100],"ix":3},"sk":{"a":0,"k":0,"ix":4},"p":{"a":0,"k":[184.682,49.497],"ix":2},"r":{"a":0,"k":0,"ix":6},"sa":{"a":0,"k":0,"ix":5},"o":{"a":0,"k":100,"ix":7}}]},{"ty":"gr","bm":0,"hd":false,"mn":"ADBE Vector Group","nm":"Group 12","ix":11,"cix":2,"np":2,"it":[{"ty":"sh","bm":0,"hd":false,"mn":"ADBE Vector Shape - Group","nm":"Path 1","ix":1,"d":1,"ks":{"a":0,"k":{"c":true,"i":[[0,0],[3.662,-2.331],[-0.444,-2.775],[-0.111,-3.329],[-2.442,-3.219],[0,0],[-0.666,5.661],[-2.775,6.215],[0,0]],"o":[[-1.221,-0.666],[-6.993,4.329],[0.444,2.775],[0,3.219],[0.777,0.888],[0,0],[0.555,-5.661],[2.775,-6.216],[0,0]],"v":[[8.88,-20.035],[-1.887,-18.925],[-5.105,0.056],[-7.104,11.044],[-3.885,18.702],[-2.997,21.256],[0.333,11.599],[4.883,1.055],[7.77,-14.485]]},"ix":2}},{"ty":"fl","bm":0,"hd":false,"mn":"ADBE Vector Graphic - Fill","nm":"Fill 1","c":{"a":0,"k":[0.2784,0.102,0.0863],"ix":4},"r":1,"o":{"a":0,"k":100,"ix":5}},{"ty":"tr","a":{"a":0,"k":[0,0],"ix":1},"s":{"a":0,"k":[100,100],"ix":3},"sk":{"a":0,"k":0,"ix":4},"p":{"a":0,"k":[171.309,49.164],"ix":2},"r":{"a":0,"k":0,"ix":6},"sa":{"a":0,"k":0,"ix":5},"o":{"a":0,"k":100,"ix":7}}]},{"ty":"gr","bm":0,"hd":false,"mn":"ADBE Vector Group","nm":"women right hand","ix":12,"cix":2,"np":2,"it":[{"ty":"gr","bm":0,"hd":false,"mn":"ADBE Vector Group","nm":"Group 13","ix":1,"cix":2,"np":2,"it":[{"ty":"sh","bm":0,"hd":false,"mn":"ADBE Vector Shape - Group","nm":"Path 1","ix":1,"d":1,"ks":{"a":0,"k":{"c":true,"i":[[5.438,-4.439],[0,0],[1.443,4.995],[0,0],[0,0],[-2.33,-10.433],[-2.331,0.555],[0,0],[0,0]],"o":[[-7.548,6.216],[0,0],[-1.554,-5.993],[0,0],[0,0],[2.22,10.1],[2.442,-0.444],[0,0],[0.222,0]],"v":[[8.99,-7.492],[-6.216,3.385],[-10.434,-8.713],[-12.543,-17.481],[-18.314,-17.925],[-14.208,7.825],[-6.882,15.595],[18.313,2.83],[15.871,-10.156]]},"ix":2}},{"ty":"fl","bm":0,"hd":false,"mn":"ADBE Vector Graphic - Fill","nm":"Fill 1","c":{"a":0,"k":[0.9961,0.7686,0.6784],"ix":4},"r":1,"o":{"a":0,"k":100,"ix":5}},{"ty":"tr","a":{"a":0,"k":[0,0],"ix":1},"s":{"a":0,"k":[100,100],"ix":3},"sk":{"a":0,"k":0,"ix":4},"p":{"a":0,"k":[147.115,73.471],"ix":2},"r":{"a":0,"k":0,"ix":6},"sa":{"a":0,"k":0,"ix":5},"o":{"a":0,"k":100,"ix":7}}]},{"ty":"gr","bm":0,"hd":false,"mn":"ADBE Vector Group","nm":"Group 14","ix":2,"cix":2,"np":2,"it":[{"ty":"sh","bm":0,"hd":false,"mn":"ADBE Vector Shape - Group","nm":"Path 1","ix":1,"d":1,"ks":{"a":0,"k":{"c":true,"i":[[0,0],[0,0],[0,0],[-0.999,0.999],[0,0],[0,0],[0.333,-0.333],[0,0],[-0.111,1.887],[0,0],[0,0],[0.222,-0.777],[0,0],[-0.222,0.999],[0,0],[0,0],[0.221,-1.221],[0,0],[-0.111,0.888],[0,0],[0,0],[0,-1.554],[0,0],[-0.111,0.777],[0,0],[0,0],[0.111,-2.22],[0,-1.553],[0,0]],"o":[[0,0.333],[0,0],[0,0],[0.999,-1.109],[0,0],[0,0],[-0.333,0.443],[0,0],[0.111,-1.887],[0,0],[0,0],[-0.222,0.777],[0,0],[0.222,-0.999],[0,0],[0,0],[-0.222,1.221],[0,0],[0.111,-0.888],[0,0],[0,0],[0,1.443],[0,0],[0.111,-0.777],[0,0],[0,0],[-0.222,2.219],[0,1.554],[0,0]],"v":[[-2.885,11.821],[0.332,7.936],[1.109,4.495],[3.44,1.72],[5.327,-3.829],[3.995,-4.606],[2.996,-2.164],[1.664,-1.609],[1.664,-4.717],[2.885,-10.045],[1.775,-10.6],[0.776,-8.158],[0.11,-5.827],[0.443,-9.379],[0.887,-11.821],[-0.223,-12.154],[-0.999,-9.268],[-1.554,-6.049],[-1.554,-9.712],[-1.443,-11.044],[-2.664,-11.044],[-3.107,-8.269],[-3.219,-6.049],[-3.551,-9.046],[-3.551,-10.045],[-4.439,-9.934],[-5.105,-3.94],[-4.995,2.719],[-4.883,5.605]]},"ix":2}},{"ty":"fl","bm":0,"hd":false,"mn":"ADBE Vector Graphic - Fill","nm":"Fill 1","c":{"a":0,"k":[0.9961,0.7686,0.6784],"ix":4},"r":1,"o":{"a":0,"k":100,"ix":5}},{"ty":"tr","a":{"a":0,"k":[0,0],"ix":1},"s":{"a":0,"k":[100,100],"ix":3},"sk":{"a":0,"k":0,"ix":4},"p":{"a":0,"k":[134.127,49.83],"ix":2},"r":{"a":0,"k":0,"ix":6},"sa":{"a":0,"k":0,"ix":5},"o":{"a":0,"k":100,"ix":7}}]},{"ty":"tr","a":{"a":0,"k":[161.614,66.86],"ix":1},"s":{"a":0,"k":[100,100],"ix":3},"sk":{"a":0,"k":0,"ix":4},"p":{"a":0,"k":[161.614,66.86],"ix":2},"r":{"a":1,"k":[{"o":{"x":0.333,"y":0},"i":{"x":0.667,"y":1},"s":[-9],"t":0},{"o":{"x":0.333,"y":0},"i":{"x":0.667,"y":1},"s":[10],"t":45},{"s":[-9],"t":89}],"ix":6},"sa":{"a":0,"k":0,"ix":5},"o":{"a":0,"k":100,"ix":7}}]},{"ty":"gr","bm":0,"hd":false,"mn":"ADBE Vector Group","nm":"women right leg","ix":13,"cix":2,"np":2,"it":[{"ty":"gr","bm":0,"hd":false,"mn":"ADBE Vector Group","nm":"Group 15","ix":1,"cix":2,"np":2,"it":[{"ty":"sh","bm":0,"hd":false,"mn":"ADBE Vector Shape - Group","nm":"Path 1","ix":1,"d":1,"ks":{"a":0,"k":{"c":true,"i":[[0,0],[-2.22,-1.554],[0,0],[0,0],[0,0]],"o":[[0,0],[2.22,1.443],[0,0],[0,0],[0,0]],"v":[[4.717,-4.495],[5.716,-0.721],[10.267,-0.721],[9.157,4.495],[-10.267,-1.609]]},"ix":2}},{"ty":"fl","bm":0,"hd":false,"mn":"ADBE Vector Graphic - Fill","nm":"Fill 1","c":{"a":0,"k":[0.0745,0.2275,0.3137],"ix":4},"r":1,"o":{"a":0,"k":100,"ix":5}},{"ty":"tr","a":{"a":0,"k":[0,0],"ix":1},"s":{"a":0,"k":[100,100],"ix":3},"sk":{"a":0,"k":0,"ix":4},"p":{"a":0,"k":[104.106,197.117],"ix":2},"r":{"a":0,"k":0,"ix":6},"sa":{"a":0,"k":0,"ix":5},"o":{"a":0,"k":100,"ix":7}}]},{"ty":"gr","bm":0,"hd":false,"mn":"ADBE Vector Group","nm":"Group 18","ix":2,"cix":2,"np":3,"it":[{"ty":"sh","bm":0,"hd":false,"mn":"ADBE Vector Shape - Group","nm":"Path 2","ix":1,"d":1,"ks":{"a":0,"k":{"c":true,"i":[[2.664,-2.552],[3.996,-13.764],[0,0],[0,0],[-8.769,17.204],[0,0],[0,0],[0,0]],"o":[[-2.664,2.442],[-2.552,8.768],[0,0],[7.547,-21.2],[4.217,-8.324],[0,0],[10.212,-4.217],[0,0]],"v":[[-6.826,-33.465],[-15.373,-18.036],[-27.249,35.018],[-21.699,37.46],[-5.383,-0.833],[0.721,-17.37],[17.037,-18.369],[23.697,-37.46]]},"ix":2}},{"ty":"mm","bm":0,"hd":false,"mn":"ADBE Vector Filter - Merge","nm":"Merge Paths 1","mm":4},{"ty":"fl","bm":0,"hd":false,"mn":"ADBE Vector Graphic - Fill","nm":"Fill 1","c":{"a":0,"k":[0.502,0.502,0.502],"ix":4},"r":1,"o":{"a":0,"k":100,"ix":5}},{"ty":"tr","a":{"a":0,"k":[0,0],"ix":1},"s":{"a":0,"k":[100,100],"ix":3},"sk":{"a":0,"k":0,"ix":4},"p":{"a":0,"k":[135.293,161.267],"ix":2},"r":{"a":0,"k":0,"ix":6},"sa":{"a":0,"k":0,"ix":5},"o":{"a":0,"k":100,"ix":7}}]},{"ty":"tr","a":{"a":0,"k":[157.191,125.71],"ix":1},"s":{"a":0,"k":[100,100],"ix":3},"sk":{"a":0,"k":0,"ix":4},"p":{"a":0,"k":[157.191,125.71],"ix":2},"r":{"a":1,"k":[{"o":{"x":0.333,"y":0},"i":{"x":0.667,"y":1},"s":[3],"t":0},{"o":{"x":0.333,"y":0},"i":{"x":0.667,"y":1},"s":[0],"t":45},{"s":[3],"t":89}],"ix":6},"sa":{"a":0,"k":0,"ix":5},"o":{"a":0,"k":100,"ix":7}}]},{"ty":"gr","bm":0,"hd":false,"mn":"ADBE Vector Group","nm":"Group 16","ix":14,"cix":2,"np":2,"it":[{"ty":"sh","bm":0,"hd":false,"mn":"ADBE Vector Shape - Group","nm":"Path 1","ix":1,"d":1,"ks":{"a":0,"k":{"c":true,"i":[[0,0],[-2.553,-0.777],[0,0],[0,0],[0,0],[0,0],[0,0]],"o":[[0,0],[2.553,0.777],[0,0],[0,0],[0,0],[0,0],[0,0]],"v":[[-0.111,-5.938],[2.663,-3.607],[6.992,-5.05],[7.548,0.167],[-0.667,5.938],[-7.548,5.938],[-3.885,1.832]]},"ix":2}},{"ty":"fl","bm":0,"hd":false,"mn":"ADBE Vector Graphic - Fill","nm":"Fill 1","c":{"a":0,"k":[0.0745,0.2275,0.3137],"ix":4},"r":1,"o":{"a":0,"k":100,"ix":5}},{"ty":"tr","a":{"a":0,"k":[0,0],"ix":1},"s":{"a":0,"k":[100,100],"ix":3},"sk":{"a":0,"k":0,"ix":4},"p":{"a":0,"k":[136.347,205.774],"ix":2},"r":{"a":0,"k":0,"ix":6},"sa":{"a":0,"k":0,"ix":5},"o":{"a":0,"k":100,"ix":7}}]},{"ty":"gr","bm":0,"hd":false,"mn":"ADBE Vector Group","nm":"Group 17","ix":15,"cix":2,"np":3,"it":[{"ty":"sh","bm":0,"hd":false,"mn":"ADBE Vector Shape - Group","nm":"Path 2","ix":1,"d":1,"ks":{"a":0,"k":{"c":true,"i":[[0,0],[0,0],[0,0],[2.442,-2.331],[-4.329,-13.652],[0,0],[0,0],[2.109,19.202],[0,0],[-12.765,6.771],[0,7.215],[0,0]],"o":[[0,0],[0,0],[-7.104,2.441],[-2.664,2.442],[2.664,8.768],[0,0],[0,0],[-0.999,-9.323],[0,0],[8.768,-4.551],[0,0],[0,0]],"v":[[3.163,-37.849],[-14.595,-32.077],[-14.484,-32.077],[-32.243,-23.642],[-35.906,-3.996],[-21.366,48.947],[-15.373,47.837],[-19.59,2.996],[-20.922,-8.881],[31.467,-11.322],[32.132,-39.514],[17.37,-48.948]]},"ix":2}},{"ty":"mm","bm":0,"hd":false,"mn":"ADBE Vector Filter - Merge","nm":"Merge Paths 1","mm":4},{"ty":"fl","bm":0,"hd":false,"mn":"ADBE Vector Graphic - Fill","nm":"Fill 1","c":{"a":0,"k":[0.502,0.502,0.502],"ix":4},"r":1,"o":{"a":0,"k":100,"ix":5}},{"ty":"tr","a":{"a":0,"k":[0,0],"ix":1},"s":{"a":0,"k":[100,100],"ix":3},"sk":{"a":0,"k":0,"ix":4},"p":{"a":0,"k":[158.046,154.108],"ix":2},"r":{"a":0,"k":0,"ix":6},"sa":{"a":0,"k":0,"ix":5},"o":{"a":0,"k":100,"ix":7}}]},{"ty":"gr","bm":0,"hd":false,"mn":"ADBE Vector Group","nm":"men left hand","ix":16,"cix":2,"np":2,"it":[{"ty":"gr","bm":0,"hd":false,"mn":"ADBE Vector Group","nm":"Group 19","ix":1,"cix":2,"np":2,"it":[{"ty":"sh","bm":0,"hd":false,"mn":"ADBE Vector Shape - Group","nm":"Path 1","ix":1,"d":1,"ks":{"a":0,"k":{"c":true,"i":[[-1.553,4.107],[0,0],[2.886,3.218],[1.444,-4.218],[-3.996,-2.22]],"o":[[2.997,-8.546],[0,0],[0,0],[-1.553,4.772],[3.885,2.22]],"v":[[1.054,16.648],[11.044,-14.985],[-2.164,-20.756],[-7.048,-6.216],[-7.048,5.993]]},"ix":2}},{"ty":"fl","bm":0,"hd":false,"mn":"ADBE Vector Graphic - Fill","nm":"Fill 1","c":{"a":0,"k":[0.3569,0.1294,0.7137],"ix":4},"r":1,"o":{"a":0,"k":100,"ix":5}},{"ty":"tr","a":{"a":0,"k":[0,0],"ix":1},"s":{"a":0,"k":[100,100],"ix":3},"sk":{"a":0,"k":0,"ix":4},"p":{"a":0,"k":[326.422,96.723],"ix":2},"r":{"a":0,"k":0,"ix":6},"sa":{"a":0,"k":0,"ix":5},"o":{"a":0,"k":100,"ix":7}}]},{"ty":"gr","bm":0,"hd":false,"mn":"ADBE Vector Group","nm":"Group 20","ix":2,"cix":2,"np":2,"it":[{"ty":"sh","bm":0,"hd":false,"mn":"ADBE Vector Shape - Group","nm":"Path 1","ix":1,"d":1,"ks":{"a":0,"k":{"c":true,"i":[[0,0],[-0.111,1.665],[0.999,4.329],[0.222,0.554],[0,0],[0.444,0.111],[0,0],[0,0],[-0.333,-0.444],[-0.11,-4.995],[0,0],[0,0]],"o":[[0,0],[0.111,-9.878],[-0.999,-4.329],[-0.222,-0.556],[0,0],[-0.444,0],[0,0],[0,0],[0.333,0.444],[0.223,8.768],[0.111,-0.333],[0,0]],"v":[[6.937,27.137],[9.823,7.603],[3.94,-19.813],[2.053,-24.029],[-5.272,-25.695],[-7.603,-26.583],[-9.934,-27.137],[-8.824,-25.139],[-4.051,-21.255],[-0.833,-13.93],[-0.721,4.385],[-4.939,22.587]]},"ix":2}},{"ty":"fl","bm":0,"hd":false,"mn":"ADBE Vector Graphic - Fill","nm":"Fill 1","c":{"a":0,"k":[0.9961,0.7686,0.6784],"ix":4},"r":1,"o":{"a":0,"k":100,"ix":5}},{"ty":"tr","a":{"a":0,"k":[0,0],"ix":1},"s":{"a":0,"k":[100,100],"ix":3},"sk":{"a":0,"k":0,"ix":4},"p":{"a":0,"k":[328.643,59.263],"ix":2},"r":{"a":0,"k":0,"ix":6},"sa":{"a":0,"k":0,"ix":5},"o":{"a":0,"k":100,"ix":7}}]},{"ty":"tr","a":{"a":0,"k":[326.334,108.658],"ix":1},"s":{"a":0,"k":[100,100],"ix":3},"sk":{"a":0,"k":0,"ix":4},"p":{"a":0,"k":[326.334,108.658],"ix":2},"r":{"a":1,"k":[{"o":{"x":0.333,"y":0},"i":{"x":0.667,"y":1},"s":[0],"t":0},{"o":{"x":0.333,"y":0},"i":{"x":0.667,"y":1},"s":[-5],"t":45},{"s":[0],"t":89}],"ix":6},"sa":{"a":0,"k":0,"ix":5},"o":{"a":0,"k":100,"ix":7}}]},{"ty":"gr","bm":0,"hd":false,"mn":"ADBE Vector Group","nm":"mens head","ix":17,"cix":2,"np":4,"it":[{"ty":"gr","bm":0,"hd":false,"mn":"ADBE Vector Group","nm":"Group 21","ix":1,"cix":2,"np":6,"it":[{"ty":"sh","bm":0,"hd":false,"mn":"ADBE Vector Shape - Group","nm":"Path 1","ix":1,"d":1,"ks":{"a":0,"k":{"c":true,"i":[[0.442,-0.444],[0,0],[0,0],[-2.109,-0.444],[0,0]],"o":[[0,0],[0,0],[0,0],[0.998,0.222],[0,0]],"v":[[8.325,0.721],[5.105,0.056],[3.996,-1.499],[7.326,-0.833],[9.323,0.056]]},"ix":2}},{"ty":"sh","bm":0,"hd":false,"mn":"ADBE Vector Shape - Group","nm":"Path 2","ix":2,"d":1,"ks":{"a":0,"k":{"c":true,"i":[[0.223,0.333],[1.444,0.222],[0.223,-0.555],[0,-0.888],[-2.331,-0.445],[-0.666,1.22]],"o":[[-0.221,-0.333],[-1.442,-0.222],[-0.111,0.222],[0,0.999],[1.666,0.333],[0.555,-1.11]],"v":[[3.44,-0.722],[-0.223,-1.499],[-2.443,-1.166],[-2.664,0.721],[-0.112,2.941],[2.997,1.609]]},"ix":2}},{"ty":"sh","bm":0,"hd":false,"mn":"ADBE Vector Shape - Group","nm":"Path 3","ix":3,"d":1,"ks":{"a":0,"k":{"c":true,"i":[[0.112,0.111],[1.442,0.333],[0.333,-0.222],[-0.223,-1.221],[-1.22,-0.222],[-0.333,0.888]],"o":[[-0.11,-0.555],[-1.444,-0.333],[-0.333,0.222],[0.11,0.666],[1.331,0.222],[0.333,-0.888]],"v":[[-5.107,-1.61],[-6.659,-2.498],[-8.546,-2.498],[-8.879,-0.167],[-7.437,1.499],[-5.55,0.167]]},"ix":2}},{"ty":"sh","bm":0,"hd":false,"mn":"ADBE Vector Shape - Group","nm":"Path 4","ix":4,"d":1,"ks":{"a":0,"k":{"c":true,"i":[[0.112,-0.222],[0.11,-0.111],[1.111,-1.665],[2.443,0.777],[0.11,0.777],[0.223,0.111],[0.444,-0.666],[1.997,0.333],[0.223,1.11],[-0.111,0.666],[-0.333,0.111],[-0.666,-0.111],[-0.666,-0.444],[-0.333,0],[-0.666,0.222],[-1.222,-0.222],[0,-0.444]],"o":[[-0.11,0.222],[-0.223,0.111],[-0.776,1.221],[-1.886,-0.666],[-0.111,-0.777],[-0.333,0],[-0.445,0.666],[-1.332,-0.222],[-0.11,-0.999],[0,-0.666],[0.445,0],[1.221,0.222],[0.666,0.444],[0.333,0.111],[0.778,-0.222],[1.221,0.222],[-0.11,0.333]],"v":[[5.105,0.056],[4.329,0.389],[3.107,2.165],[-1.444,2.941],[-3.219,-0.056],[-3.775,-1.055],[-4.662,-0.389],[-7.214,1.721],[-9.102,0.056],[-9.212,-2.498],[-8.769,-3.719],[-7.104,-3.497],[-4.441,-2.831],[-3.552,-2.054],[-2.443,-2.498],[2.664,-1.943],[5.438,-0.833]]},"ix":2}},{"ty":"mm","bm":0,"hd":false,"mn":"ADBE Vector Filter - Merge","nm":"Merge Paths 1","mm":1},{"ty":"fl","bm":0,"hd":false,"mn":"ADBE Vector Graphic - Fill","nm":"Fill 1","c":{"a":0,"k":[0.1294,0.1608,0.3569],"ix":4},"r":1,"o":{"a":0,"k":100,"ix":5}},{"ty":"tr","a":{"a":0,"k":[0,0],"ix":1},"s":{"a":0,"k":[100,100],"ix":3},"sk":{"a":0,"k":0,"ix":4},"p":{"a":0,"k":[301.616,69.474],"ix":2},"r":{"a":0,"k":0,"ix":6},"sa":{"a":0,"k":0,"ix":5},"o":{"a":0,"k":100,"ix":7}}]},{"ty":"gr","bm":0,"hd":false,"mn":"ADBE Vector Group","nm":"Group 22","ix":2,"cix":2,"np":2,"it":[{"ty":"sh","bm":0,"hd":false,"mn":"ADBE Vector Shape - Group","nm":"Path 1","ix":1,"d":1,"ks":{"a":0,"k":{"c":true,"i":[[0,0],[-2.22,-0.111],[0.111,-0.998],[0,0],[-1.22,-0.222],[1.332,-0.665],[0,0],[-0.111,-1.11],[0,0],[-2.442,2.109],[5.771,1.776],[3.108,-1.443]],"o":[[0,0],[2.331,0.222],[-0.111,0.999],[0,0],[2.331,0.443],[-1.331,0.666],[0,0],[0.111,1.11],[0,0],[5.883,-5.105],[-2.331,-0.778],[-4.106,1.998]],"v":[[-13.319,-5.328],[-5.106,-1.443],[0.555,2.886],[1.554,4.551],[4.217,2.442],[3.884,6.438],[1.332,7.437],[1.221,9.879],[2.22,12.765],[7.436,4.884],[3.33,-11.543],[-8.547,-11.322]]},"ix":2}},{"ty":"fl","bm":0,"hd":false,"mn":"ADBE Vector Graphic - Fill","nm":"Fill 1","c":{"a":0,"k":[0.0745,0.2275,0.3137],"ix":4},"r":1,"o":{"a":0,"k":100,"ix":5}},{"ty":"tr","a":{"a":0,"k":[0,0],"ix":1},"s":{"a":0,"k":[100,100],"ix":3},"sk":{"a":0,"k":0,"ix":4},"p":{"a":0,"k":[307.611,66.755],"ix":2},"r":{"a":0,"k":0,"ix":6},"sa":{"a":0,"k":0,"ix":5},"o":{"a":0,"k":100,"ix":7}}]},{"ty":"gr","bm":0,"hd":false,"mn":"ADBE Vector Group","nm":"Group 23","ix":3,"cix":2,"np":2,"it":[{"ty":"sh","bm":0,"hd":false,"mn":"ADBE Vector Shape - Group","nm":"Path 1","ix":1,"d":1,"ks":{"a":0,"k":{"c":true,"i":[[0,0],[0.333,-1.11],[0.111,-1.886],[0,-2.331],[-0.444,-0.555],[-1.332,0.444],[-0.444,4.884],[-2.552,4.107],[0.221,1.443],[1.887,0.444]],"o":[[-1.332,0.555],[-0.222,1.11],[-0.111,1.998],[0,2.331],[0.555,0.444],[1.332,-0.333],[0,0],[0.666,-1.11],[-0.777,-3.441],[-1.887,-0.555]],"v":[[-5.105,-12.598],[-9.101,-9.712],[-10.433,-3.386],[-10.877,4.607],[-8.99,12.154],[-3.218,13.042],[6.327,3.719],[10.211,0.389],[8.325,-10.045],[-2.774,-11.266]]},"ix":2}},{"ty":"fl","bm":0,"hd":false,"mn":"ADBE Vector Graphic - Fill","nm":"Fill 1","c":{"a":0,"k":[0.9961,0.7686,0.6784],"ix":4},"r":1,"o":{"a":0,"k":100,"ix":5}},{"ty":"tr","a":{"a":0,"k":[0,0],"ix":1},"s":{"a":0,"k":[100,100],"ix":3},"sk":{"a":0,"k":0,"ix":4},"p":{"a":0,"k":[303.391,71.14],"ix":2},"r":{"a":0,"k":0,"ix":6},"sa":{"a":0,"k":0,"ix":5},"o":{"a":0,"k":100,"ix":7}}]},{"ty":"gr","bm":0,"hd":false,"mn":"ADBE Vector Group","nm":"Group 26","ix":4,"cix":2,"np":2,"it":[{"ty":"sh","bm":0,"hd":false,"mn":"ADBE Vector Shape - Group","nm":"Path 1","ix":1,"d":1,"ks":{"a":0,"k":{"c":true,"i":[[0,0],[-0.444,-2.108],[-0.333,-0.666],[0,0],[4.106,0],[0,0],[-0.666,1.776],[0,0]],"o":[[0,0],[0.444,2.22],[0.777,1.443],[0,0],[-4.107,0],[0,0],[0.666,-1.775],[0,0]],"v":[[3.83,-11.932],[4.829,-5.494],[5.939,-1.498],[11.155,4.495],[-7.047,11.932],[-9.711,3.607],[-4.495,-1.72],[-3.496,-8.712]]},"ix":2}},{"ty":"fl","bm":0,"hd":false,"mn":"ADBE Vector Graphic - Fill","nm":"Fill 1","c":{"a":0,"k":[0.9961,0.7686,0.6784],"ix":4},"r":1,"o":{"a":0,"k":100,"ix":5}},{"ty":"tr","a":{"a":0,"k":[0,0],"ix":1},"s":{"a":0,"k":[100,100],"ix":3},"sk":{"a":0,"k":0,"ix":4},"p":{"a":0,"k":[305.667,86.679],"ix":2},"r":{"a":0,"k":0,"ix":6},"sa":{"a":0,"k":0,"ix":5},"o":{"a":0,"k":100,"ix":7}}]},{"ty":"tr","a":{"a":0,"k":[313.119,90.549],"ix":1},"s":{"a":0,"k":[100,100],"ix":3},"sk":{"a":0,"k":0,"ix":4},"p":{"a":0,"k":[313.119,90.549],"ix":2},"r":{"a":1,"k":[{"o":{"x":0.333,"y":0},"i":{"x":0.667,"y":1},"s":[0],"t":0},{"o":{"x":0.333,"y":0},"i":{"x":0.667,"y":1},"s":[-3],"t":45},{"s":[0],"t":89}],"ix":6},"sa":{"a":0,"k":0,"ix":5},"o":{"a":0,"k":100,"ix":7}}]},{"ty":"gr","bm":0,"hd":false,"mn":"ADBE Vector Group","nm":"Group 24","ix":18,"cix":2,"np":2,"it":[{"ty":"sh","bm":0,"hd":false,"mn":"ADBE Vector Shape - Group","nm":"Path 1","ix":1,"d":1,"ks":{"a":0,"k":{"c":true,"i":[[0,0],[-1.998,-3.885],[0.666,-5.328],[0,0],[21.421,2.775],[0,0],[-0.666,4.661],[0,0],[0,0],[-5.659,-1.332]],"o":[[0,0],[1.443,2.996],[-0.555,4.662],[0,0],[-8.214,-1.11],[0,0],[0.666,-4.662],[0,0],[0,0],[11.544,2.664]],"v":[[6.604,-36.017],[20.478,-36.905],[20.034,-9.601],[16.259,33.908],[-9.602,38.015],[-21.921,32.909],[-18.926,-18.147],[-16.039,-30.023],[-9.711,-34.241],[-6.051,-28.47]]},"ix":2}},{"ty":"fl","bm":0,"hd":false,"mn":"ADBE Vector Graphic - Fill","nm":"Fill 1","c":{"a":0,"k":[0.4863,0.2275,0.9294],"ix":4},"r":1,"o":{"a":0,"k":100,"ix":5}},{"ty":"tr","a":{"a":0,"k":[0,0],"ix":1},"s":{"a":0,"k":[100,100],"ix":3},"sk":{"a":0,"k":0,"ix":4},"p":{"a":0,"k":[307.444,122.973],"ix":2},"r":{"a":0,"k":0,"ix":6},"sa":{"a":0,"k":0,"ix":5},"o":{"a":0,"k":100,"ix":7}}]},{"ty":"gr","bm":0,"hd":false,"mn":"ADBE Vector Group","nm":"Group 25","ix":19,"cix":2,"np":2,"it":[{"ty":"sh","bm":0,"hd":false,"mn":"ADBE Vector Shape - Group","nm":"Path 1","ix":1,"d":1,"ks":{"a":0,"k":{"c":true,"i":[[0,0],[0.333,-6.327],[0,0],[0,0.222],[0.887,15.539],[1.221,2.109],[0,0],[0,0]],"o":[[0,0],[-0.333,6.328],[0,0],[0,-0.222],[-0.999,-15.539],[-1.332,-2.108],[0,0],[0,0]],"v":[[10.656,-36.183],[8.768,5.549],[8.768,60.491],[0.776,60.491],[-7.658,-10.211],[-9.323,-46.284],[-5.882,-60.269],[5.328,-60.713]]},"ix":2}},{"ty":"fl","bm":0,"hd":false,"mn":"ADBE Vector Graphic - Fill","nm":"Fill 1","c":{"a":0,"k":[0.0745,0.2275,0.3137],"ix":4},"r":1,"o":{"a":0,"k":100,"ix":5}},{"ty":"tr","a":{"a":0,"k":[0,0],"ix":1},"s":{"a":0,"k":[100,100],"ix":3},"sk":{"a":0,"k":0,"ix":4},"p":{"a":0,"k":[293.403,209.38],"ix":2},"r":{"a":0,"k":0,"ix":6},"sa":{"a":0,"k":0,"ix":5},"o":{"a":0,"k":100,"ix":7}}]},{"ty":"gr","bm":0,"hd":false,"mn":"ADBE Vector Group","nm":"Group 27","ix":20,"cix":2,"np":2,"it":[{"ty":"sh","bm":0,"hd":false,"mn":"ADBE Vector Shape - Group","nm":"Path 1","ix":1,"d":1,"ks":{"a":0,"k":{"c":true,"i":[[0,0],[-0.112,-20.978],[0,0],[0,0],[3.218,13.541],[0,0]],"o":[[0,0],[0.11,20.977],[0,0],[0,0],[-3.219,-13.541],[0,0]],"v":[[12.431,-60.491],[14.651,-17.093],[15.983,60.491],[7.436,60.491],[-4.551,-7.548],[-15.983,-60.268]]},"ix":2}},{"ty":"fl","bm":0,"hd":false,"mn":"ADBE Vector Graphic - Fill","nm":"Fill 1","c":{"a":0,"k":[0.0745,0.2275,0.3137],"ix":4},"r":1,"o":{"a":0,"k":100,"ix":5}},{"ty":"tr","a":{"a":0,"k":[0,0],"ix":1},"s":{"a":0,"k":[100,100],"ix":3},"sk":{"a":0,"k":0,"ix":4},"p":{"a":0,"k":[310.164,209.381],"ix":2},"r":{"a":0,"k":0,"ix":6},"sa":{"a":0,"k":0,"ix":5},"o":{"a":0,"k":100,"ix":7}}]},{"ty":"gr","bm":0,"hd":false,"mn":"ADBE Vector Group","nm":"Group 28","ix":21,"cix":2,"np":2,"it":[{"ty":"sh","bm":0,"hd":false,"mn":"ADBE Vector Shape - Group","nm":"Path 1","ix":1,"d":1,"ks":{"a":0,"k":{"c":true,"i":[[0,0],[0,0],[0,0],[-7.326,1.332],[0,0]],"o":[[0,0],[0,0],[0,0],[0,0],[0,0]],"v":[[7.714,-3.996],[7.714,3.996],[-7.714,3.996],[0.167,-0.222],[1.277,-3.996]]},"ix":2}},{"ty":"fl","bm":0,"hd":false,"mn":"ADBE Vector Graphic - Fill","nm":"Fill 1","c":{"a":0,"k":[0.0745,0.2275,0.3137],"ix":4},"r":1,"o":{"a":0,"k":100,"ix":5}},{"ty":"tr","a":{"a":0,"k":[0,0],"ix":1},"s":{"a":0,"k":[100,100],"ix":3},"sk":{"a":0,"k":0,"ix":4},"p":{"a":0,"k":[294.013,272.092],"ix":2},"r":{"a":0,"k":0,"ix":6},"sa":{"a":0,"k":0,"ix":5},"o":{"a":0,"k":100,"ix":7}}]},{"ty":"gr","bm":0,"hd":false,"mn":"ADBE Vector Group","nm":"Group 29","ix":22,"cix":2,"np":2,"it":[{"ty":"sh","bm":0,"hd":false,"mn":"ADBE Vector Shape - Group","nm":"Path 1","ix":1,"d":1,"ks":{"a":0,"k":{"c":true,"i":[[0,0],[0,0],[0,0],[-7.324,1.332],[0,0]],"o":[[0,0],[0,0],[0,0],[0,0],[0,0]],"v":[[7.715,-3.996],[7.715,3.996],[-7.715,3.996],[0.165,-0.222],[1.276,-3.996]]},"ix":2}},{"ty":"fl","bm":0,"hd":false,"mn":"ADBE Vector Graphic - Fill","nm":"Fill 1","c":{"a":0,"k":[0.0745,0.2275,0.3137],"ix":4},"r":1,"o":{"a":0,"k":100,"ix":5}},{"ty":"tr","a":{"a":0,"k":[0,0],"ix":1},"s":{"a":0,"k":[100,100],"ix":3},"sk":{"a":0,"k":0,"ix":4},"p":{"a":0,"k":[317.432,272.092],"ix":2},"r":{"a":0,"k":0,"ix":6},"sa":{"a":0,"k":0,"ix":5},"o":{"a":0,"k":100,"ix":7}}]},{"ty":"gr","bm":0,"hd":false,"mn":"ADBE Vector Group","nm":"men right hand","ix":23,"cix":2,"np":2,"it":[{"ty":"gr","bm":0,"hd":false,"mn":"ADBE Vector Group","nm":"Group 30","ix":1,"cix":2,"np":2,"it":[{"ty":"sh","bm":0,"hd":false,"mn":"ADBE Vector Shape - Group","nm":"Path 1","ix":1,"d":1,"ks":{"a":0,"k":{"c":true,"i":[[0.556,4.328],[0,0],[-2.443,3.552],[-1.998,-4.107],[3.773,-2.664]],"o":[[-1.554,-12.432],[0,0],[0,0],[2.107,4.55],[-3.662,2.664]],"v":[[-3.33,14.041],[-11.32,-12.931],[0.889,-18.369],[6.217,-6.049],[7.548,6.049]]},"ix":2}},{"ty":"fl","bm":0,"hd":false,"mn":"ADBE Vector Graphic - Fill","nm":"Fill 1","c":{"a":0,"k":[0.3569,0.1294,0.7137],"ix":4},"r":1,"o":{"a":0,"k":100,"ix":5}},{"ty":"tr","a":{"a":0,"k":[0,0],"ix":1},"s":{"a":0,"k":[100,100],"ix":3},"sk":{"a":0,"k":0,"ix":4},"p":{"a":0,"k":[291.183,90.563],"ix":2},"r":{"a":0,"k":0,"ix":6},"sa":{"a":0,"k":0,"ix":5},"o":{"a":0,"k":100,"ix":7}}]},{"ty":"gr","bm":0,"hd":false,"mn":"ADBE Vector Group","nm":"Group 31","ix":2,"cix":2,"np":2,"it":[{"ty":"sh","bm":0,"hd":false,"mn":"ADBE Vector Shape - Group","nm":"Path 1","ix":1,"d":1,"ks":{"a":0,"k":{"c":true,"i":[[0,0],[0.333,1.665],[-0.112,4.439],[-0.112,0.555],[0,0],[0,0],[0,0],[0,0],[0,0],[0,0],[0,0],[0,0],[0.444,-1.776],[0,0],[-0.443,0.111],[0,0],[0.222,-0.444],[-0.887,-4.773],[0,0],[0,0]],"o":[[0,0],[-2.109,-9.656],[0.111,-4.44],[0.111,-0.555],[0,0],[0,0],[0,0],[0,0],[0,0],[0,0],[0,0],[0,0],[-0.444,1.776],[0,0],[0.445,-0.111],[0,0],[-0.222,0.445],[1.554,8.658],[-0.112,-0.333],[0,0]],"v":[[-0.499,32.133],[-5.938,15.706],[-8.491,-19.146],[-7.824,-28.025],[-4.939,-31.577],[-4.051,-31.466],[-4.051,-30.911],[-2.831,-31.909],[-1.831,-31.909],[-1.72,-31.466],[-0.277,-32.133],[1.055,-32.133],[-0.277,-27.581],[-0.277,-25.695],[1.276,-25.361],[3.164,-25.473],[-1.165,-19.59],[-2.831,-11.82],[3.052,9.713],[8.603,25.696]]},"ix":2}},{"ty":"fl","bm":0,"hd":false,"mn":"ADBE Vector Graphic - Fill","nm":"Fill 1","c":{"a":0,"k":[0.9961,0.7686,0.6784],"ix":4},"r":1,"o":{"a":0,"k":100,"ix":5}},{"ty":"tr","a":{"a":0,"k":[0,0],"ix":1},"s":{"a":0,"k":[100,100],"ix":3},"sk":{"a":0,"k":0,"ix":4},"p":{"a":0,"k":[285.578,52.936],"ix":2},"r":{"a":0,"k":0,"ix":6},"sa":{"a":0,"k":0,"ix":5},"o":{"a":0,"k":100,"ix":7}}]},{"ty":"tr","a":{"a":0,"k":[287.303,100.254],"ix":1},"s":{"a":0,"k":[100,100],"ix":3},"sk":{"a":0,"k":0,"ix":4},"p":{"a":1,"k":[{"o":{"x":0.333,"y":0},"i":{"x":0.667,"y":1},"s":[287.303,100.254],"t":0,"ti":[0,0],"to":[0,0.333]},{"o":{"x":0.333,"y":0},"i":{"x":0.667,"y":1},"s":[287.303,102.254],"t":45,"ti":[0,0.333],"to":[0,0]},{"s":[287.303,100.254],"t":89}],"ix":2},"r":{"a":0,"k":0,"ix":6},"sa":{"a":0,"k":0,"ix":5},"o":{"a":0,"k":100,"ix":7}}]},{"ty":"gr","bm":0,"hd":false,"mn":"ADBE Vector Group","nm":"telephone","ix":24,"cix":2,"np":3,"it":[{"ty":"gr","bm":0,"hd":false,"mn":"ADBE Vector Group","nm":"Group 32","ix":1,"cix":2,"np":2,"it":[{"ty":"sh","bm":0,"hd":false,"mn":"ADBE Vector Shape - Group","nm":"Path 1","ix":1,"d":1,"ks":{"a":0,"k":{"c":true,"i":[[15.095,25.973],[-9.545,5.55],[-30.633,-4.883],[11.655,-5.105]],"o":[[0,0],[0,0],[0,0],[0,0.111]],"v":[[-29.413,-7.659],[-20.978,-22.753],[30.19,7.658],[18.867,22.643]]},"ix":2}},{"ty":"fl","bm":0,"hd":false,"mn":"ADBE Vector Graphic - Fill","nm":"Fill 1","c":{"a":0,"k":[0.0902,0.7294,0.651],"ix":4},"r":1,"o":{"a":0,"k":100,"ix":5}},{"ty":"tr","a":{"a":0,"k":[0,0],"ix":1},"s":{"a":0,"k":[100,100],"ix":3},"sk":{"a":0,"k":0,"ix":4},"p":{"a":0,"k":[376.645,78.41],"ix":2},"r":{"a":0,"k":0,"ix":6},"sa":{"a":0,"k":0,"ix":5},"o":{"a":0,"k":100,"ix":7}}]},{"ty":"gr","bm":0,"hd":false,"mn":"ADBE Vector Group","nm":"Group 33","ix":2,"cix":2,"np":4,"it":[{"ty":"sh","bm":0,"hd":false,"mn":"ADBE Vector Shape - Group","nm":"Path 1","ix":1,"d":1,"ks":{"a":0,"k":{"c":true,"i":[[-8.991,7.547],[-47.394,-7.548],[-13.874,-21.755],[0,0],[0,0],[8.435,3.996],[16.981,-4.107],[0,0],[34.851,13.986]],"o":[[19.756,-16.649],[40.734,6.548],[6.327,9.878],[-37.515,2.331],[0,0],[-29.413,-14.207],[-9.102,2.22],[0,0],[-0.111,0.112]],"v":[[-96.286,-27.89],[8.269,-39.322],[104.388,4.409],[106.386,41.813],[55.108,11.845],[49.225,-1.363],[-42.788,-16.236],[-52.556,-5.58],[-110.604,6.739]]},"ix":2}},{"ty":"fl","bm":0,"hd":false,"mn":"ADBE Vector Graphic - Fill","nm":"Fill 1","c":{"a":0,"k":[0.2431,0.898,0.8196],"ix":4},"r":1,"o":{"a":0,"k":100,"ix":5}},{"ty":"tr","a":{"a":0,"k":[0,0],"ix":1},"s":{"a":0,"k":[100,100],"ix":3},"sk":{"a":0,"k":0,"ix":4},"p":{"a":0,"k":[299.783,44.144],"ix":2},"r":{"a":0,"k":0,"ix":6},"sa":{"a":0,"k":0,"ix":5},"o":{"a":0,"k":100,"ix":7}}]},{"ty":"gr","bm":0,"hd":false,"mn":"ADBE Vector Group","nm":"Group 34","ix":3,"cix":2,"np":2,"it":[{"ty":"sh","bm":0,"hd":false,"mn":"ADBE Vector Shape - Group","nm":"Path 1","ix":1,"d":1,"ks":{"a":0,"k":{"c":true,"i":[[-22.42,19.868],[7.216,8.325],[30.745,4.995],[-9.435,-8.657]],"o":[[0,0],[0,0],[0,0],[-0.111,0]],"v":[[30.357,-1.443],[27.137,-18.425],[-31.023,-5.661],[-24.917,12.209]]},"ix":2}},{"ty":"fl","bm":0,"hd":false,"mn":"ADBE Vector Graphic - Fill","nm":"Fill 1","c":{"a":0,"k":[0.0902,0.7294,0.651],"ix":4},"r":1,"o":{"a":0,"k":100,"ix":5}},{"ty":"tr","a":{"a":0,"k":[0,0],"ix":1},"s":{"a":0,"k":[100,100],"ix":3},"sk":{"a":0,"k":0,"ix":4},"p":{"a":0,"k":[220.09,57.099],"ix":2},"r":{"a":0,"k":0,"ix":6},"sa":{"a":0,"k":0,"ix":5},"o":{"a":0,"k":100,"ix":7}}]},{"ty":"tr","a":{"a":0,"k":[395.5,81.5],"ix":1},"s":{"a":0,"k":[100,100],"ix":3},"sk":{"a":0,"k":0,"ix":4},"p":{"a":0,"k":[395.5,81.5],"ix":2},"r":{"a":1,"k":[{"o":{"x":0.532,"y":-0.007},"i":{"x":0.667,"y":1},"s":[0],"t":0},{"o":{"x":0.333,"y":0},"i":{"x":0.667,"y":1},"s":[-2],"t":45},{"s":[0],"t":89}],"ix":6},"sa":{"a":0,"k":0,"ix":5},"o":{"a":0,"k":100,"ix":7}}]},{"ty":"gr","bm":0,"hd":false,"mn":"ADBE Vector Group","nm":"dial button","ix":25,"cix":2,"np":3,"it":[{"ty":"gr","bm":0,"hd":false,"mn":"ADBE Vector Group","nm":"Group 35","ix":1,"cix":2,"np":2,"it":[{"ty":"sh","bm":0,"hd":false,"mn":"ADBE Vector Shape - Group","nm":"Path 1","ix":1,"d":1,"ks":{"a":0,"k":{"c":true,"i":[[-0.999,0],[-0.333,0.11],[-0.222,0.111],[-0.222,0.111],[-0.111,0.11],[0,0.999],[0.111,0.333],[0.111,0.222],[0,0],[0.111,0.111],[0.222,0.111],[0.222,0.111],[0.222,0.112],[0.888,-0.888],[0.111,-0.221],[0.111,-0.221],[0,-0.221],[0,-0.333],[-0.666,-0.666]],"o":[[0.222,0],[0.222,0],[0.222,-0.11],[0.222,-0.11],[0.666,-0.666],[0,-0.223],[0,-0.221],[0,0],[-0.111,-0.221],[-0.222,-0.222],[-0.222,-0.11],[-0.222,-0.11],[-1.221,-0.221],[-0.222,0.221],[-0.111,0.223],[-0.111,0.222],[0,0.222],[0,0.999],[0.777,0.776]],"v":[[0,3.829],[0.777,3.719],[1.443,3.496],[2.109,3.163],[2.664,2.72],[3.774,0.056],[3.663,-0.722],[3.441,-1.388],[3.108,-2.054],[2.664,-2.608],[2.109,-3.053],[1.443,-3.386],[0.777,-3.608],[-2.664,-2.608],[-3.108,-2.054],[-3.441,-1.388],[-3.663,-0.722],[-3.774,0.056],[-2.664,2.72]]},"ix":2}},{"ty":"fl","bm":0,"hd":false,"mn":"ADBE Vector Graphic - Fill","nm":"Fill 1","c":{"a":0,"k":[1,0.8941,0.0196],"ix":4},"r":1,"o":{"a":0,"k":100,"ix":5}},{"ty":"tr","a":{"a":0,"k":[0,0],"ix":1},"s":{"a":0,"k":[100,100],"ix":3},"sk":{"a":0,"k":0,"ix":4},"p":{"a":0,"k":[186.631,170.478],"ix":2},"r":{"a":0,"k":0,"ix":6},"sa":{"a":0,"k":0,"ix":5},"o":{"a":0,"k":100,"ix":7}}]},{"ty":"gr","bm":0,"hd":false,"mn":"ADBE Vector Group","nm":"Group 36","ix":2,"cix":2,"np":10,"it":[{"ty":"sh","bm":0,"hd":false,"mn":"ADBE Vector Shape - Group","nm":"Path 1","ix":1,"d":1,"ks":{"a":0,"k":{"c":true,"i":[[0,0],[0.333,2.109],[2.108,-0.333],[-0.333,-2.109],[-1.886,0]],"o":[[2.109,-0.333],[-0.333,-2.108],[-2.109,0.333],[0.222,1.887],[0,0]],"v":[[-6.493,-17.648],[-3.274,-21.977],[-7.602,-25.195],[-10.821,-20.867],[-7.048,-17.648]]},"ix":2}},{"ty":"sh","bm":0,"hd":false,"mn":"ADBE Vector Shape - Group","nm":"Path 2","ix":2,"d":1,"ks":{"a":0,"k":{"c":true,"i":[[-0.554,1.553],[1.998,0.778],[0.888,-1.997],[-1.998,-0.887],[-0.555,0]],"o":[[0.777,-1.887],[-1.887,-0.777],[-0.777,1.887],[0.444,0.222],[1.554,0]],"v":[[7.714,-18.646],[5.606,-23.531],[0.611,-21.422],[2.72,-16.428],[4.163,-16.206]]},"ix":2}},{"ty":"sh","bm":0,"hd":false,"mn":"ADBE Vector Shape - Group","nm":"Path 3","ix":3,"d":1,"ks":{"a":0,"k":{"c":true,"i":[[-0.666,0.444],[1.332,1.665],[1.665,-1.332],[-1.332,-1.665],[-1.11,0]],"o":[[1.665,-1.332],[-1.332,-1.665],[-1.665,1.332],[0.777,0.999],[0.777,0]],"v":[[-15.039,-13.986],[-14.373,-19.313],[-19.701,-19.979],[-20.367,-14.652],[-17.37,-13.208]]},"ix":2}},{"ty":"sh","bm":0,"hd":false,"mn":"ADBE Vector Shape - Group","nm":"Path 4","ix":4,"d":1,"ks":{"a":0,"k":{"c":true,"i":[[-0.777,0.443],[1.331,1.665],[1.665,-1.331],[-1.332,-1.666],[-1.11,0]],"o":[[1.664,-1.333],[-1.332,-1.665],[-1.665,1.332],[0.777,0.999],[0.777,0]],"v":[[15.595,-10.211],[16.261,-15.54],[10.933,-16.206],[10.267,-10.876],[13.264,-9.435]]},"ix":2}},{"ty":"sh","bm":0,"hd":false,"mn":"ADBE Vector Shape - Group","nm":"Path 5","ix":5,"d":1,"ks":{"a":0,"k":{"c":true,"i":[[0,0],[0.333,2.108],[2.109,-0.333],[-0.333,-2.109],[-1.886,0]],"o":[[2.109,-0.333],[-0.333,-2.109],[-2.109,0.333],[0.222,1.886],[0,0]],"v":[[18.148,0.887],[21.367,-3.441],[17.038,-6.66],[13.819,-2.331],[17.592,0.887]]},"ix":2}},{"ty":"sh","bm":0,"hd":false,"mn":"ADBE Vector Shape - Group","nm":"Path 6","ix":6,"d":1,"ks":{"a":0,"k":{"c":true,"i":[[-0.666,1.443],[1.998,0.777],[0.888,-1.998],[-1.998,-0.888],[-0.555,0]],"o":[[0.777,-1.887],[-1.887,-0.777],[-0.777,1.887],[0.444,0.222],[1.554,-0.111]],"v":[[19.813,9.767],[17.704,4.883],[12.709,6.992],[14.818,11.987],[16.261,12.21]]},"ix":2}},{"ty":"sh","bm":0,"hd":false,"mn":"ADBE Vector Shape - Group","nm":"Path 7","ix":7,"d":1,"ks":{"a":0,"k":{"c":true,"i":[[-0.666,0.555],[1.221,1.665],[1.664,-1.221],[-1.221,-1.665],[-1.11,0]],"o":[[1.665,-1.332],[-1.332,-1.665],[-1.665,1.332],[0.777,0.999],[0.777,0.111]],"v":[[11.821,20.311],[12.487,14.983],[7.16,14.318],[6.494,19.645],[9.49,21.089]]},"ix":2}},{"ty":"sh","bm":0,"hd":false,"mn":"ADBE Vector Shape - Group","nm":"Path 8","ix":8,"d":1,"ks":{"a":0,"k":{"c":true,"i":[[0,0],[0.333,2.109],[2.109,-0.333],[-0.333,-2.109],[-1.887,0]],"o":[[2.109,-0.333],[-0.333,-2.109],[-2.109,0.333],[0.222,1.887],[0,0]],"v":[[-0.388,25.529],[2.831,21.199],[-1.498,17.98],[-4.717,22.309],[-0.943,25.529]]},"ix":2}},{"ty":"mm","bm":0,"hd":false,"mn":"ADBE Vector Filter - Merge","nm":"Merge Paths 1","mm":1},{"ty":"fl","bm":0,"hd":false,"mn":"ADBE Vector Graphic - Fill","nm":"Fill 1","c":{"a":0,"k":[0.0902,0.7294,0.651],"ix":4},"r":1,"o":{"a":0,"k":100,"ix":5}},{"ty":"tr","a":{"a":0,"k":[0,0],"ix":1},"s":{"a":0,"k":[100,100],"ix":3},"sk":{"a":0,"k":0,"ix":4},"p":{"a":0,"k":[210.883,178.525],"ix":2},"r":{"a":0,"k":0,"ix":6},"sa":{"a":0,"k":0,"ix":5},"o":{"a":0,"k":100,"ix":7}}]},{"ty":"gr","bm":0,"hd":false,"mn":"ADBE Vector Group","nm":"Group 37","ix":3,"cix":2,"np":2,"it":[{"ty":"sh","bm":0,"hd":false,"mn":"ADBE Vector Shape - Group","nm":"Path 1","ix":1,"d":1,"ks":{"a":0,"k":{"c":true,"i":[[-0.222,0],[-0.666,0.666],[-0.111,0.222],[-0.111,0.223],[-0.111,0.223],[0,0.333],[0.665,0.666],[1.221,-0.333],[0.222,-0.111],[0.222,-0.111],[0.111,-0.111],[0,-0.999],[-0.111,-0.333],[-0.111,-0.222],[-0.111,-0.222],[-0.111,-0.112],[-0.222,-0.11],[-0.222,-0.11],[-0.222,0]],"o":[[0.999,0],[0.222,-0.223],[0.11,-0.222],[0.11,-0.222],[0,-0.222],[0,-0.999],[-0.888,-0.888],[-0.222,0],[-0.222,0.111],[-0.222,0.111],[-0.666,0.666],[0,0.221],[0,0.223],[0.111,0.223],[0.111,0.222],[0.222,0.221],[0.222,0.111],[0.222,0.111],[0.333,0.11]],"v":[[0.001,3.884],[2.664,2.776],[3.108,2.221],[3.441,1.555],[3.662,0.889],[3.773,0.113],[2.664,-2.552],[-0.777,-3.551],[-1.443,-3.329],[-2.109,-2.996],[-2.663,-2.552],[-3.773,0.113],[-3.663,0.889],[-3.441,1.555],[-3.107,2.221],[-2.663,2.776],[-2.109,3.219],[-1.443,3.552],[-0.777,3.775]]},"ix":2}},{"ty":"fl","bm":0,"hd":false,"mn":"ADBE Vector Graphic - Fill","nm":"Fill 1","c":{"a":0,"k":[0.702,0.702,0.702],"ix":4},"r":1,"o":{"a":0,"k":100,"ix":5}},{"ty":"tr","a":{"a":0,"k":[0,0],"ix":1},"s":{"a":0,"k":[100,100],"ix":3},"sk":{"a":0,"k":0,"ix":4},"p":{"a":0,"k":[198.727,198.835],"ix":2},"r":{"a":0,"k":0,"ix":6},"sa":{"a":0,"k":0,"ix":5},"o":{"a":0,"k":100,"ix":7}}]},{"ty":"tr","a":{"a":0,"k":[207.577,178.667],"ix":1},"s":{"a":0,"k":[100,100],"ix":3},"sk":{"a":0,"k":0,"ix":4},"p":{"a":0,"k":[207.577,178.667],"ix":2},"r":{"a":1,"k":[{"o":{"x":0.333,"y":0},"i":{"x":0.667,"y":1},"s":[20],"t":0},{"o":{"x":0.333,"y":0},"i":{"x":0.667,"y":1},"s":[0],"t":65},{"s":[20],"t":89}],"ix":6},"sa":{"a":0,"k":0,"ix":5},"o":{"a":0,"k":100,"ix":7}}]},{"ty":"gr","bm":0,"hd":false,"mn":"ADBE Vector Group","nm":"Group 38","ix":26,"cix":2,"np":2,"it":[{"ty":"sh","bm":0,"hd":false,"mn":"ADBE Vector Shape - Group","nm":"Path 1","ix":1,"d":1,"ks":{"a":0,"k":{"c":true,"i":[[16.116,0.377],[-0.377,16.117],[-16.117,-0.377],[0.377,-16.117]],"o":[[-16.117,-0.377],[0.377,-16.116],[16.117,0.377],[-0.377,16.117]],"v":[[-0.682,29.182],[-29.182,-0.683],[0.683,-29.182],[29.182,0.682]]},"ix":2}},{"ty":"fl","bm":0,"hd":false,"mn":"ADBE Vector Graphic - Fill","nm":"Fill 1","c":{"a":0,"k":[1,1,1],"ix":4},"r":1,"o":{"a":0,"k":100,"ix":5}},{"ty":"tr","a":{"a":0,"k":[0,0],"ix":1},"s":{"a":0,"k":[100,100],"ix":3},"sk":{"a":0,"k":0,"ix":4},"p":{"a":0,"k":[206.951,178.74],"ix":2},"r":{"a":0,"k":0,"ix":6},"sa":{"a":0,"k":0,"ix":5},"o":{"a":0,"k":100,"ix":7}}]},{"ty":"gr","bm":0,"hd":false,"mn":"ADBE Vector Group","nm":"Group 39","ix":27,"cix":2,"np":2,"it":[{"ty":"sh","bm":0,"hd":false,"mn":"ADBE Vector Shape - Group","nm":"Path 1","ix":1,"d":1,"ks":{"a":0,"k":{"c":true,"i":[[15.616,10.168],[-10.167,15.617],[-15.616,-10.167],[10.168,-15.616]],"o":[[-15.616,-10.167],[10.168,-15.616],[15.617,10.167],[-10.167,15.615]],"v":[[-18.41,28.275],[-28.276,-18.41],[18.409,-28.276],[28.275,18.41]]},"ix":2}},{"ty":"fl","bm":0,"hd":false,"mn":"ADBE Vector Graphic - Fill","nm":"Fill 1","c":{"a":0,"k":[0.0902,0.1176,0.1608],"ix":4},"r":1,"o":{"a":0,"k":100,"ix":5}},{"ty":"tr","a":{"a":0,"k":[0,0],"ix":1},"s":{"a":0,"k":[100,100],"ix":3},"sk":{"a":0,"k":0,"ix":4},"p":{"a":0,"k":[206.932,178.739],"ix":2},"r":{"a":0,"k":0,"ix":6},"sa":{"a":0,"k":0,"ix":5},"o":{"a":0,"k":100,"ix":7}}]},{"ty":"gr","bm":0,"hd":false,"mn":"ADBE Vector Group","nm":"Group 40","ix":28,"cix":2,"np":2,"it":[{"ty":"sh","bm":0,"hd":false,"mn":"ADBE Vector Shape - Group","nm":"Path 1","ix":1,"d":1,"ks":{"a":0,"k":{"c":true,"i":[[0,0],[0,0],[0,0],[0,0]],"o":[[0,0],[0,0],[0,0],[0,0]],"v":[[-92.346,20.034],[92.346,20.034],[88.905,-20.034],[-88.905,-20.034]]},"ix":2}},{"ty":"fl","bm":0,"hd":false,"mn":"ADBE Vector Graphic - Fill","nm":"Fill 1","c":{"a":0,"k":[0.2431,0.898,0.8196],"ix":4},"r":1,"o":{"a":0,"k":100,"ix":5}},{"ty":"tr","a":{"a":0,"k":[0,0],"ix":1},"s":{"a":0,"k":[100,100],"ix":3},"sk":{"a":0,"k":0,"ix":4},"p":{"a":0,"k":[206.939,244.177],"ix":2},"r":{"a":0,"k":0,"ix":6},"sa":{"a":0,"k":0,"ix":5},"o":{"a":0,"k":100,"ix":7}}]},{"ty":"gr","bm":0,"hd":false,"mn":"ADBE Vector Group","nm":"Group 41","ix":29,"cix":2,"np":2,"it":[{"ty":"sh","bm":0,"hd":false,"mn":"ADBE Vector Shape - Group","nm":"Path 1","ix":1,"d":1,"ks":{"a":0,"k":{"c":true,"i":[[0,0],[0,0],[0,0],[0,0]],"o":[[0,0],[0,0],[0,0],[0,0]],"v":[[73.478,-8.88],[75.918,8.88],[-75.918,8.88],[-73.477,-8.88]]},"ix":2}},{"ty":"fl","bm":0,"hd":false,"mn":"ADBE Vector Graphic - Fill","nm":"Fill 1","c":{"a":0,"k":[0.0902,0.1176,0.1608],"ix":4},"r":1,"o":{"a":0,"k":100,"ix":5}},{"ty":"tr","a":{"a":0,"k":[0,0],"ix":1},"s":{"a":0,"k":[100,100],"ix":3},"sk":{"a":0,"k":0,"ix":4},"p":{"a":0,"k":[206.938,225.031],"ix":2},"r":{"a":0,"k":0,"ix":6},"sa":{"a":0,"k":0,"ix":5},"o":{"a":0,"k":100,"ix":7}}]},{"ty":"gr","bm":0,"hd":false,"mn":"ADBE Vector Group","nm":"Group 42","ix":30,"cix":2,"np":2,"it":[{"ty":"sh","bm":0,"hd":false,"mn":"ADBE Vector Shape - Group","nm":"Path 1","ix":1,"d":1,"ks":{"a":0,"k":{"c":true,"i":[[0,0],[0,0],[0,0],[5.771,0],[0,0],[0.555,-5.883]],"o":[[0,0],[0,0],[-0.556,-5.883],[0,0],[-5.882,0],[0,0]],"v":[[-55.385,44.452],[55.385,44.452],[47.506,-34.13],[36.184,-44.452],[-36.184,-44.452],[-47.505,-34.13]]},"ix":2}},{"ty":"fl","bm":0,"hd":false,"mn":"ADBE Vector Graphic - Fill","nm":"Fill 1","c":{"a":0,"k":[0.2431,0.898,0.8196],"ix":4},"r":1,"o":{"a":0,"k":100,"ix":5}},{"ty":"tr","a":{"a":0,"k":[0,0],"ix":1},"s":{"a":0,"k":[100,100],"ix":3},"sk":{"a":0,"k":0,"ix":4},"p":{"a":0,"k":[206.937,174.252],"ix":2},"r":{"a":0,"k":0,"ix":6},"sa":{"a":0,"k":0,"ix":5},"o":{"a":0,"k":100,"ix":7}}]},{"ty":"gr","bm":0,"hd":false,"mn":"ADBE Vector Group","nm":"Group 43","ix":31,"cix":2,"np":2,"it":[{"ty":"sh","bm":0,"hd":false,"mn":"ADBE Vector Shape - Group","nm":"Path 1","ix":1,"d":1,"ks":{"a":0,"k":{"c":true,"i":[[0,0],[0,0],[0,0],[6.105,0],[0,0],[0.888,-6.104]],"o":[[0,0],[0,0],[-0.888,-6.104],[0,0],[-6.216,0],[0,0]],"v":[[-75.919,44.452],[75.918,44.452],[65.152,-33.798],[52.943,-44.452],[-52.944,-44.452],[-65.153,-33.798]]},"ix":2}},{"ty":"fl","bm":0,"hd":false,"mn":"ADBE Vector Graphic - Fill","nm":"Fill 1","c":{"a":0,"k":[0.0902,0.7294,0.651],"ix":4},"r":1,"o":{"a":0,"k":100,"ix":5}},{"ty":"tr","a":{"a":0,"k":[0,0],"ix":1},"s":{"a":0,"k":[100,100],"ix":3},"sk":{"a":0,"k":0,"ix":4},"p":{"a":0,"k":[206.938,189.458],"ix":2},"r":{"a":0,"k":0,"ix":6},"sa":{"a":0,"k":0,"ix":5},"o":{"a":0,"k":100,"ix":7}}]},{"ty":"gr","bm":0,"hd":false,"mn":"ADBE Vector Group","nm":"Group 44","ix":32,"cix":2,"np":2,"it":[{"ty":"sh","bm":0,"hd":false,"mn":"ADBE Vector Shape - Group","nm":"Path 1","ix":1,"d":1,"ks":{"a":0,"k":{"c":true,"i":[[-2.331,0],[0,0],[-0.222,2.33],[0,0],[0,0],[0,0]],"o":[[0,0],[2.331,0],[0,0],[0,0],[0,0],[0.333,2.33]],"v":[[-10.433,10.323],[10.544,10.323],[14.984,6.216],[16.316,-10.323],[-16.316,-10.323],[-14.984,6.216]]},"ix":2}},{"ty":"fl","bm":0,"hd":false,"mn":"ADBE Vector Graphic - Fill","nm":"Fill 1","c":{"a":0,"k":[0.1294,0.1608,0.3569],"ix":4},"r":1,"o":{"a":0,"k":100,"ix":5}},{"ty":"tr","a":{"a":0,"k":[0,0],"ix":1},"s":{"a":0,"k":[100,100],"ix":3},"sk":{"a":0,"k":0,"ix":4},"p":{"a":0,"k":[145.115,265.876],"ix":2},"r":{"a":0,"k":0,"ix":6},"sa":{"a":0,"k":0,"ix":5},"o":{"a":0,"k":100,"ix":7}}]},{"ty":"gr","bm":0,"hd":false,"mn":"ADBE Vector Group","nm":"Group 45","ix":33,"cix":2,"np":2,"it":[{"ty":"sh","bm":0,"hd":false,"mn":"ADBE Vector Shape - Group","nm":"Path 1","ix":1,"d":1,"ks":{"a":0,"k":{"c":true,"i":[[-2.331,0],[0,0],[-0.222,2.33],[0,0],[0,0],[0,0]],"o":[[0,0],[2.331,0],[0,0],[0,0],[0,0],[0.221,2.33]],"v":[[-10.489,10.323],[10.489,10.323],[14.928,6.216],[16.26,-10.323],[-16.26,-10.323],[-14.928,6.216]]},"ix":2}},{"ty":"fl","bm":0,"hd":false,"mn":"ADBE Vector Graphic - Fill","nm":"Fill 1","c":{"a":0,"k":[0.1294,0.1608,0.3569],"ix":4},"r":1,"o":{"a":0,"k":100,"ix":5}},{"ty":"tr","a":{"a":0,"k":[0,0],"ix":1},"s":{"a":0,"k":[100,100],"ix":3},"sk":{"a":0,"k":0,"ix":4},"p":{"a":0,"k":[268.706,265.876],"ix":2},"r":{"a":0,"k":0,"ix":6},"sa":{"a":0,"k":0,"ix":5},"o":{"a":0,"k":100,"ix":7}}]},{"ty":"gr","bm":0,"hd":false,"mn":"ADBE Vector Group","nm":"Group 46","ix":34,"cix":2,"np":2,"it":[{"ty":"sh","bm":0,"hd":false,"mn":"ADBE Vector Shape - Group","nm":"Path 1","ix":1,"d":1,"ks":{"a":0,"k":{"c":true,"i":[[0,0],[-2.107,2.318],[-17.697,-3.687],[-4.845,1.054],[-12.324,-0.737],[0,0],[-12.325,-1.58],[9.27,-8.428],[-18.96,-9.164],[0,0]],"o":[[0,0],[13.167,-14.537],[5.162,1.054],[3.792,-0.737],[12.325,0.738],[0,0],[12.325,1.581],[0,0],[18.961,9.059],[0,0]],"v":[[-100.544,21.067],[-85.692,-3.581],[-37.448,-14.642],[-13.853,-7.479],[6.898,-22.121],[19.961,-6.742],[39.974,-22.121],[43.029,-0.631],[81.582,2.633],[91.483,23.701]]},"ix":2}},{"ty":"fl","bm":0,"hd":false,"mn":"ADBE Vector Graphic - Fill","nm":"Fill 1","c":{"a":0,"k":[0.1922,0.5686,0.5333],"ix":4},"r":1,"o":{"a":0,"k":100,"ix":5}},{"ty":"tr","a":{"a":0,"k":[0,0],"ix":1},"s":{"a":0,"k":[100,100],"ix":3},"sk":{"a":0,"k":0,"ix":4},"p":{"a":0,"k":[354.161,258.703],"ix":2},"r":{"a":0,"k":0,"ix":6},"sa":{"a":0,"k":0,"ix":5},"o":{"a":0,"k":100,"ix":7}}]},{"ty":"gr","bm":0,"hd":false,"mn":"ADBE Vector Group","nm":"leaf 1","ix":35,"cix":2,"np":2,"it":[{"ty":"gr","bm":0,"hd":false,"mn":"ADBE Vector Group","nm":"Group 47","ix":1,"cix":2,"np":2,"it":[{"ty":"sh","bm":0,"hd":false,"mn":"ADBE Vector Shape - Group","nm":"Path 1","ix":1,"d":1,"ks":{"a":0,"k":{"c":false,"i":[[0,0],[65.203,-48.349]],"o":[[0,0],[0,0]],"v":[[60.674,-26.544],[-60.674,26.544]]},"ix":2}},{"ty":"st","bm":0,"hd":false,"mn":"ADBE Vector Graphic - Stroke","nm":"Stroke 1","lc":1,"lj":1,"ml":10,"o":{"a":0,"k":100,"ix":4},"w":{"a":0,"k":1,"ix":5},"c":{"a":0,"k":[0.098,0.2667,0.349],"ix":3}},{"ty":"tr","a":{"a":0,"k":[0,0],"ix":1},"s":{"a":0,"k":[100,100],"ix":3},"sk":{"a":0,"k":0,"ix":4},"p":{"a":0,"k":[375.698,245.957],"ix":2},"r":{"a":0,"k":0,"ix":6},"sa":{"a":0,"k":0,"ix":5},"o":{"a":0,"k":100,"ix":7}}]},{"ty":"gr","bm":0,"hd":false,"mn":"ADBE Vector Group","nm":"Group 48","ix":2,"cix":2,"np":4,"it":[{"ty":"sh","bm":0,"hd":false,"mn":"ADBE Vector Shape - Group","nm":"Path 1","ix":1,"d":1,"ks":{"a":0,"k":{"c":true,"i":[[10.217,-4.108],[8.321,-1.685],[5.899,-2.738],[2.739,-6.426],[9.375,1.37],[0.737,11.483],[-13.062,-0.316],[-3.371,1.37],[-4.318,4.424],[-5.688,-0.737],[-5.688,-0.421],[-7.163,1.055],[9.059,-13.8]],"o":[[-7.689,3.055],[-6.004,1.159],[-6.636,3.16],[-3.792,8.743],[-10.85,-1.58],[-0.843,-13.588],[3.16,0.106],[5.583,-2.317],[4.109,-4.32],[5.688,0.843],[7.689,0.632],[6.426,-0.947],[-6.215,9.48]],"v":[[28.977,-12.746],[10.859,4.95],[-7.47,3.581],[-15.686,22.437],[-39.913,32.338],[-63.298,12.323],[-38.649,-14.642],[-28.642,-14.642],[-18.109,-28.441],[-1.255,-32.971],[15.178,-29.6],[38.457,-32.761],[62.158,-19.382]]},"ix":2}},{"ty":"fl","bm":0,"hd":false,"mn":"ADBE Vector Graphic - Fill","nm":"Fill 1","c":{"a":0,"k":[0.3098,0.6824,0.5255],"ix":4},"r":1,"o":{"a":0,"k":100,"ix":5}},{"ty":"tr","a":{"a":0,"k":[0,0],"ix":1},"s":{"a":0,"k":[100,100],"ix":3},"sk":{"a":0,"k":0,"ix":4},"p":{"a":0,"k":[390.859,244.903],"ix":2},"r":{"a":0,"k":0,"ix":6},"sa":{"a":0,"k":0,"ix":5},"o":{"a":0,"k":100,"ix":7}}]},{"ty":"tr","a":{"a":0,"k":[314.5,268.5],"ix":1},"s":{"a":0,"k":[100,100],"ix":3},"sk":{"a":0,"k":0,"ix":4},"p":{"a":0,"k":[314.5,268.5],"ix":2},"r":{"a":1,"k":[{"o":{"x":0.333,"y":0},"i":{"x":0.556,"y":1.035},"s":[2],"t":0},{"o":{"x":0.388,"y":0.005},"i":{"x":0.667,"y":1},"s":[0],"t":45},{"s":[2],"t":89}],"ix":6},"sa":{"a":0,"k":0,"ix":5},"o":{"a":0,"k":100,"ix":7}}]},{"ty":"gr","bm":0,"hd":false,"mn":"ADBE Vector Group","nm":"leaf 2","ix":36,"cix":2,"np":2,"it":[{"ty":"sh","bm":0,"hd":false,"mn":"ADBE Vector Shape - Group","nm":"Path 1","ix":1,"d":1,"ks":{"a":0,"k":{"c":true,"i":[[9.585,6.11],[-3.477,-63.308],[-16.117,12.22],[0,12.64],[-2.74,14.009]],"o":[[-10.64,-6.847],[0,0],[16.115,-12.218],[0,-12.641],[4.74,-24.86]],"v":[[48.087,-64.94],[-54.195,71.787],[-19.539,34.602],[-1.844,-3.002],[25.018,-24.385]]},"ix":2}},{"ty":"fl","bm":0,"hd":false,"mn":"ADBE Vector Graphic - Fill","nm":"Fill 1","c":{"a":0,"k":[0.3098,0.6824,0.5255],"ix":4},"r":1,"o":{"a":0,"k":100,"ix":5}},{"ty":"tr","a":{"a":0,"k":[-51,64],"ix":1},"s":{"a":0,"k":[100,100],"ix":3},"sk":{"a":0,"k":0,"ix":4},"p":{"a":0,"k":[315.061,243.542],"ix":2},"r":{"a":1,"k":[{"o":{"x":0.333,"y":0},"i":{"x":0.667,"y":1},"s":[-2],"t":0},{"o":{"x":0.333,"y":0},"i":{"x":0.667,"y":1},"s":[0],"t":45},{"s":[-2],"t":89}],"ix":6},"sa":{"a":0,"k":0,"ix":5},"o":{"a":0,"k":100,"ix":7}}]},{"ty":"gr","bm":0,"hd":false,"mn":"ADBE Vector Group","nm":"Group 50","ix":37,"cix":2,"np":2,"it":[{"ty":"sh","bm":0,"hd":false,"mn":"ADBE Vector Shape - Group","nm":"Path 1","ix":1,"d":1,"ks":{"a":0,"k":{"c":true,"i":[[0,0],[2.219,2.442],[18.647,-3.885],[5.105,1.11],[12.986,-0.777],[0,0],[12.985,-1.665],[-9.768,-8.879],[19.979,-9.656],[0,0]],"o":[[0,0],[-13.875,-15.317],[-5.439,1.11],[-3.996,-0.776],[-12.986,0.778],[0,0],[-12.987,1.665],[0,0],[-19.978,9.545],[0,0]],"v":[[105.942,22.199],[90.293,-3.774],[39.458,-15.428],[14.596,-7.88],[-7.27,-23.308],[-21.033,-7.103],[-42.121,-23.308],[-45.34,-0.666],[-85.964,2.775],[-96.397,24.973]]},"ix":2}},{"ty":"fl","bm":0,"hd":false,"mn":"ADBE Vector Graphic - Fill","nm":"Fill 1","c":{"a":0,"k":[0.1922,0.5686,0.5333],"ix":4},"r":1,"o":{"a":0,"k":100,"ix":5}},{"ty":"tr","a":{"a":0,"k":[0,0],"ix":1},"s":{"a":0,"k":[100,100],"ix":3},"sk":{"a":0,"k":0,"ix":4},"p":{"a":0,"k":[106.435,251.891],"ix":2},"r":{"a":0,"k":0,"ix":6},"sa":{"a":0,"k":0,"ix":5},"o":{"a":0,"k":100,"ix":7}}]},{"ty":"gr","bm":0,"hd":false,"mn":"ADBE Vector Group","nm":"leaf 3","ix":38,"cix":2,"np":2,"it":[{"ty":"gr","bm":0,"hd":false,"mn":"ADBE Vector Group","nm":"Group 51","ix":1,"cix":2,"np":2,"it":[{"ty":"sh","bm":0,"hd":false,"mn":"ADBE Vector Shape - Group","nm":"Path 1","ix":1,"d":1,"ks":{"a":0,"k":{"c":false,"i":[[0,0],[-68.704,-50.945]],"o":[[0,0],[0,0]],"v":[[-63.931,-27.97],[63.932,27.97]]},"ix":2}},{"ty":"st","bm":0,"hd":false,"mn":"ADBE Vector Graphic - Stroke","nm":"Stroke 1","lc":1,"lj":1,"ml":10,"o":{"a":0,"k":100,"ix":4},"w":{"a":0,"k":1,"ix":5},"c":{"a":0,"k":[0.098,0.2667,0.349],"ix":3}},{"ty":"tr","a":{"a":0,"k":[0,0],"ix":1},"s":{"a":0,"k":[100,100],"ix":3},"sk":{"a":0,"k":0,"ix":4},"p":{"a":0,"k":[83.735,238.461],"ix":2},"r":{"a":0,"k":0,"ix":6},"sa":{"a":0,"k":0,"ix":5},"o":{"a":0,"k":100,"ix":7}}]},{"ty":"gr","bm":0,"hd":false,"mn":"ADBE Vector Group","nm":"Group 52","ix":2,"cix":2,"np":4,"it":[{"ty":"sh","bm":0,"hd":false,"mn":"ADBE Vector Shape - Group","nm":"Path 1","ix":1,"d":1,"ks":{"a":0,"k":{"c":true,"i":[[-10.766,-4.329],[-8.769,-1.776],[-6.216,-2.886],[-2.886,-6.771],[-9.878,1.443],[-0.776,12.098],[13.764,-0.333],[3.552,1.443],[4.551,4.662],[5.994,-0.777],[5.994,-0.444],[7.547,1.11],[-9.546,-14.541]],"o":[[8.103,3.219],[6.326,1.221],[6.992,3.33],[3.996,9.212],[11.432,-1.665],[0.889,-14.318],[-3.329,0.111],[-5.882,-2.441],[-4.329,-4.551],[-5.994,0.888],[-8.103,0.666],[-6.771,-0.999],[6.548,9.989]],"v":[[-30.444,-13.43],[-11.353,5.217],[7.96,3.774],[16.617,23.642],[42.145,34.075],[66.785,12.986],[40.813,-15.428],[30.269,-15.428],[19.17,-29.968],[1.411,-34.741],[-15.904,-31.189],[-40.433,-34.519],[-65.406,-20.422]]},"ix":2}},{"ty":"fl","bm":0,"hd":false,"mn":"ADBE Vector Graphic - Fill","nm":"Fill 1","c":{"a":0,"k":[0.3098,0.6824,0.5255],"ix":4},"r":1,"o":{"a":0,"k":100,"ix":5}},{"ty":"tr","a":{"a":0,"k":[0,0],"ix":1},"s":{"a":0,"k":[100,100],"ix":3},"sk":{"a":0,"k":0,"ix":4},"p":{"a":0,"k":[67.674,237.351],"ix":2},"r":{"a":0,"k":0,"ix":6},"sa":{"a":0,"k":0,"ix":5},"o":{"a":0,"k":100,"ix":7}}]},{"ty":"tr","a":{"a":0,"k":[143.5,262.5],"ix":1},"s":{"a":0,"k":[100,100],"ix":3},"sk":{"a":0,"k":0,"ix":4},"p":{"a":0,"k":[143.5,262.5],"ix":2},"r":{"a":1,"k":[{"o":{"x":0.333,"y":0},"i":{"x":0.667,"y":1},"s":[-4],"t":0},{"o":{"x":0.333,"y":0},"i":{"x":0.667,"y":1},"s":[0],"t":45},{"s":[-4],"t":89}],"ix":6},"sa":{"a":0,"k":0,"ix":5},"o":{"a":0,"k":100,"ix":7}}]},{"ty":"gr","bm":0,"hd":false,"mn":"ADBE Vector Group","nm":"leaf 4","ix":39,"cix":2,"np":2,"it":[{"ty":"gr","bm":0,"hd":false,"mn":"ADBE Vector Group","nm":"Group 53","ix":1,"cix":2,"np":2,"it":[{"ty":"sh","bm":0,"hd":false,"mn":"ADBE Vector Shape - Group","nm":"Path 1","ix":1,"d":1,"ks":{"a":0,"k":{"c":false,"i":[[0,0],[-52.833,-107.219]],"o":[[0,0],[0,0]],"v":[[-59.492,-70.258],[59.492,70.258]]},"ix":2}},{"ty":"st","bm":0,"hd":false,"mn":"ADBE Vector Graphic - Stroke","nm":"Stroke 1","lc":1,"lj":1,"ml":10,"o":{"a":0,"k":100,"ix":4},"w":{"a":0,"k":1,"ix":5},"c":{"a":0,"k":[0.098,0.2667,0.349],"ix":3}},{"ty":"tr","a":{"a":0,"k":[0,0],"ix":1},"s":{"a":0,"k":[100,100],"ix":3},"sk":{"a":0,"k":0,"ix":4},"p":{"a":0,"k":[94.503,206.161],"ix":2},"r":{"a":0,"k":0,"ix":6},"sa":{"a":0,"k":0,"ix":5},"o":{"a":0,"k":100,"ix":7}}]},{"ty":"gr","bm":0,"hd":false,"mn":"ADBE Vector Group","nm":"Group 54","ix":2,"cix":2,"np":2,"it":[{"ty":"sh","bm":0,"hd":false,"mn":"ADBE Vector Shape - Group","nm":"Path 1","ix":1,"d":1,"ks":{"a":0,"k":{"c":true,"i":[[-13.542,-8.214],[-9.546,-7.659],[-5.772,-7.548],[0.555,-10.322],[-12.875,-4.218],[-8.103,14.873],[16.982,8.214],[3.33,3.995],[2.664,8.658],[7.77,2.664],[7.548,2.997],[8.547,6.216],[4.329,-18.092]],"o":[[16.205,9.767],[6.992,5.549],[6.548,8.546],[-0.777,14.207],[14.984,4.995],[9.656,-17.537],[-4.107,-1.998],[-5.66,-6.882],[-2.554,-8.435],[-7.77,-2.663],[-10.211,-4.218],[-7.658,-5.55],[-3.996,16.538]],"v":[[-43.786,-25.75],[-22.809,4.773],[1.499,14.984],[0.055,45.507],[24.807,74.587],[67.206,63.155],[52.666,10.988],[40.013,4.44],[35.352,-20.867],[16.704,-37.96],[-6.383,-44.175],[-34.131,-63.71],[-72.867,-61.49]]},"ix":2}},{"ty":"fl","bm":0,"hd":false,"mn":"ADBE Vector Graphic - Fill","nm":"Fill 1","c":{"a":0,"k":[0.1922,0.5686,0.5333],"ix":4},"r":1,"o":{"a":0,"k":100,"ix":5}},{"ty":"tr","a":{"a":0,"k":[0,0],"ix":1},"s":{"a":0,"k":[100,100],"ix":3},"sk":{"a":0,"k":0,"ix":4},"p":{"a":0,"k":[80.462,187.959],"ix":2},"r":{"a":0,"k":0,"ix":6},"sa":{"a":0,"k":0,"ix":5},"o":{"a":0,"k":100,"ix":7}}]},{"ty":"tr","a":{"a":0,"k":[142.531,236.335],"ix":1},"s":{"a":0,"k":[100,100],"ix":3},"sk":{"a":0,"k":0,"ix":4},"p":{"a":0,"k":[142.531,236.335],"ix":2},"r":{"a":1,"k":[{"o":{"x":0.333,"y":0},"i":{"x":0.667,"y":1},"s":[-1],"t":0},{"o":{"x":0.333,"y":0},"i":{"x":0.667,"y":1},"s":[0],"t":45},{"s":[-1],"t":89}],"ix":6},"sa":{"a":0,"k":0,"ix":5},"o":{"a":0,"k":100,"ix":7}}]},{"ty":"gr","bm":0,"hd":false,"mn":"ADBE Vector Group","nm":"leaf 5","ix":40,"cix":2,"np":2,"it":[{"ty":"sh","bm":0,"hd":false,"mn":"ADBE Vector Shape - Group","nm":"Path 1","ix":1,"d":1,"ks":{"a":0,"k":{"c":true,"i":[[-10.101,6.438],[3.664,-66.707],[16.982,12.875],[0,13.319],[2.886,14.762]],"o":[[11.21,-7.214],[0,0],[-16.982,-12.875],[0,-13.319],[-4.995,-26.194]],"v":[[-50.668,-68.428],[57.105,75.641],[20.589,36.46],[1.942,-3.164],[-26.361,-25.695]]},"ix":2}},{"ty":"fl","bm":0,"hd":false,"mn":"ADBE Vector Graphic - Fill","nm":"Fill 1","c":{"a":0,"k":[0.3098,0.6824,0.5255],"ix":4},"r":1,"o":{"a":0,"k":100,"ix":5}},{"ty":"tr","a":{"a":0,"k":[0,0],"ix":1},"s":{"a":0,"k":[100,100],"ix":3},"sk":{"a":0,"k":0,"ix":4},"p":{"a":0,"k":[93.894,168.481],"ix":2},"r":{"a":0,"k":0,"ix":6},"sa":{"a":0,"k":0,"ix":5},"o":{"a":0,"k":100,"ix":7}}]},{"ty":"gr","bm":0,"hd":false,"mn":"ADBE Vector Group","nm":"telephone cable","ix":41,"cix":2,"np":2,"it":[{"ty":"sh","bm":0,"hd":false,"mn":"ADBE Vector Shape - Group","nm":"Path 1","ix":1,"d":1,"ks":{"a":0,"k":{"c":false,"i":[[0,0],[-5.437,-4.884],[2.331,-6.993],[5.549,4.772],[-0.999,2.331],[-3.552,-3.885],[0.999,-6.105],[6.216,0],[-5.327,3.218],[-3.33,-7.104],[6.771,-3.994],[-4.218,6.66],[-1.775,-8.102],[8.214,-0.999],[-5.772,5.994],[3.996,-11.321],[9.213,7.769],[-0.333,2.22],[-3.552,-1.222],[5.661,-7.881],[5.883,7.881],[-0.333,1.887],[-2.553,-0.555],[-1.442,-2.22],[7.438,-5.993],[6.549,6.882],[-0.443,2.331],[-2.775,-0.111],[-1.996,-2.108],[11.098,-4.439],[-7.769,9.1],[1.332,-7.77],[7.77,1.998],[-5.993,5.326],[-1.22,-5.438],[4.995,-2.553],[5.329,3.108],[4.995,3.441],[11.876,-2.664]],"o":[[6.992,2.331],[5.55,4.883],[-2.331,6.992],[-1.998,-1.665],[2.108,-4.773],[4.106,4.551],[-0.999,6.104],[-6.216,0],[6.77,-4.107],[3.33,7.103],[-6.769,3.996],[4.438,-6.993],[1.777,8.102],[-8.212,0.999],[8.214,-8.658],[-3.996,11.322],[-1.777,-1.442],[0.554,-3.663],[9.212,3.107],[-5.66,7.88],[-1.11,-1.554],[0.555,-2.554],[2.663,0.444],[5.328,7.77],[-7.325,5.883],[-1.665,-1.774],[0.556,-2.774],[2.886,0.112],[8.325,8.657],[-11.1,4.44],[5.216,-6.106],[-1.332,7.88],[-7.77,-1.998],[4.218,-3.775],[1.332,5.551],[-5.437,2.664],[-5.215,-3.107],[-10.1,-6.77],[0,0]],"v":[[61.767,-96.674],[81.301,-86.906],[88.073,-67.261],[70.536,-61.045],[68.316,-68.038],[81.413,-66.706],[87.184,-49.724],[74.642,-38.181],[64.986,-50.723],[83.632,-37.959],[78.082,-17.204],[59.659,-24.973],[78.748,-13.762],[65.873,4.217],[49.114,-10.212],[67.094,14.539],[37.571,22.643],[34.574,16.87],[43.675,13.32],[51.445,37.294],[26.249,37.516],[24.584,32.189],[30.8,28.635],[37.015,33.298],[33.13,58.826],[7.38,57.049],[4.716,50.501],[11.043,45.951],[18.479,49.725],[12.154,79.471],[-13.153,62.49],[0.944,77.363],[-17.149,88.572],[-29.025,70.148],[-16.705,79.803],[-23.365,94.01],[-40.791,92.012],[-55.442,81.135],[-90.404,74.587]]},"ix":2}},{"ty":"st","bm":0,"hd":false,"mn":"ADBE Vector Graphic - Stroke","nm":"Stroke 1","lc":1,"lj":1,"ml":10,"o":{"a":0,"k":100,"ix":4},"w":{"a":0,"k":2,"ix":5},"c":{"a":0,"k":[0.2431,0.898,0.8196],"ix":3}},{"ty":"tr","a":{"a":0,"k":[0,0],"ix":1},"s":{"a":1,"k":[{"o":{"x":0.333,"y":0},"i":{"x":0.667,"y":1},"s":[100,100],"t":0},{"o":{"x":0.333,"y":0},"i":{"x":0.667,"y":1},"s":[100,96],"t":45},{"s":[100,100],"t":89}],"ix":3},"sk":{"a":0,"k":0,"ix":4},"p":{"a":0,"k":[331.75,160.544],"ix":2},"r":{"a":0,"k":0,"ix":6},"sa":{"a":0,"k":0,"ix":5},"o":{"a":0,"k":100,"ix":7}}]}],"ind":1}],"v":"5.7.12","fr":30,"op":89,"ip":0,"assets":[]}