{"nm":"Goal","ddd":0,"h":500,"w":500,"meta":{"g":"@lottiefiles/toolkit-js 0.26.1"},"layers":[{"ty":4,"nm":"Layer 17 Outlines 2","sr":1,"st":0,"op":120,"ip":0,"hd":false,"ddd":0,"bm":0,"hasMask":false,"ao":0,"ks":{"a":{"a":0,"k":[22.25,21.75,0],"ix":1},"s":{"a":1,"k":[{"o":{"x":0.167,"y":0},"i":{"x":0.45,"y":1},"s":[100,100,100],"t":0},{"s":[100,100,100],"t":119}],"ix":6},"sk":{"a":0,"k":0},"p":{"a":0,"k":[22.25,21.75,0],"ix":2},"r":{"a":0,"k":0,"ix":10},"sa":{"a":0,"k":0},"o":{"a":0,"k":100,"ix":11}},"ef":[],"shapes":[{"ty":"gr","bm":0,"hd":false,"mn":"ADBE Vector Group","nm":"Group 6","ix":1,"cix":2,"np":2,"it":[{"ty":"sh","bm":0,"hd":false,"mn":"ADBE Vector Shape - Group","nm":"Path 1","ix":1,"d":1,"ks":{"a":1,"k":[{"o":{"x":0.42,"y":0},"i":{"x":0.58,"y":1},"s":[{"c":true,"i":[[0.276,0],[0,0],[0,0.276],[-0.276,0],[0,0],[0,-0.276]],"o":[[0,0],[-0.276,0],[0,-0.276],[0,0],[0.276,0],[0,0.276]],"v":[[10.25,0.5],[-10.25,0.5],[-10.75,0],[-10.25,-0.5],[10.25,-0.5],[10.75,0]]}],"t":0},{"s":[{"c":true,"i":[[0.276,0],[0,0],[0,0.276],[-0.276,0],[0,0],[0,-0.276]],"o":[[0,0],[-0.276,0],[0,-0.276],[0,0],[0.276,0],[0,0.276]],"v":[[10.25,0.5],[-10.25,0.5],[-10.75,0],[-10.25,-0.5],[10.25,-0.5],[10.75,0]]}],"t":119}],"ix":2}},{"ty":"fl","bm":0,"hd":false,"mn":"ADBE Vector Graphic - Fill","nm":"Fill 1","c":{"a":0,"k":[0.9882,0.9451,0.9451],"ix":4},"r":1,"o":{"a":0,"k":100,"ix":5}},{"ty":"tr","a":{"a":0,"k":[0,0],"ix":1},"s":{"a":0,"k":[100,100],"ix":3},"sk":{"a":0,"k":0,"ix":4},"p":{"a":0,"k":[32.5,21.75],"ix":2},"r":{"a":0,"k":0,"ix":6},"sa":{"a":0,"k":0,"ix":5},"o":{"a":0,"k":100,"ix":7}}]}],"ind":1,"parent":3},{"ty":4,"nm":"Layer 17 Outlines 6","sr":1,"st":0,"op":120,"ip":0,"hd":false,"ddd":0,"bm":0,"hasMask":false,"ao":0,"ks":{"a":{"a":0,"k":[33.755,21.77,0],"ix":1},"s":{"a":1,"k":[{"o":{"x":0.167,"y":0},"i":{"x":0.45,"y":1},"s":[100,100,100],"t":18},{"s":[100,100,100],"t":97}],"ix":6},"sk":{"a":0,"k":0},"p":{"a":0,"k":[33.755,21.77,0],"ix":2},"r":{"a":0,"k":0,"ix":10},"sa":{"a":0,"k":0},"o":{"a":0,"k":100,"ix":11}},"ef":[],"shapes":[{"ty":"gr","bm":0,"hd":false,"mn":"ADBE Vector Group","nm":"Group 1","ix":1,"cix":2,"np":4,"it":[{"ty":"sh","bm":0,"hd":false,"mn":"ADBE Vector Shape - Group","nm":"Path 1","ix":1,"d":1,"ks":{"a":0,"k":{"c":true,"i":[[0,0],[0,0],[-0.12,0],[0,0],[0,0],[0,0]],"o":[[0,0],[0.091,0.077],[0,0],[0.004,0],[0,0],[0,0]],"v":[[-3.564,-1],[-1.371,0.88],[-1.045,1],[4.377,1],[4.382,1],[2.378,-1]]},"ix":2}},{"ty":"sh","bm":0,"hd":false,"mn":"ADBE Vector Shape - Group","nm":"Path 2","ix":2,"d":1,"ks":{"a":0,"k":{"c":true,"i":[[0.406,0],[0,0],[0.272,0.233],[0,0],[-0.073,0.196],[-0.209,0],[0,0],[-0.094,-0.093],[0,0],[0.156,-0.375]],"o":[[0,0],[-0.358,0],[0,0],[-0.159,-0.135],[0.072,-0.197],[0,0],[0.133,0],[0,0],[0.288,0.287],[-0.155,0.375]],"v":[[4.377,2],[-1.045,2],[-2.022,1.639],[-5.241,-1.121],[-5.384,-1.673],[-4.916,-2],[2.584,-2],[2.938,-1.854],[5.084,0.293],[5.301,1.383]]},"ix":2}},{"ty":"mm","bm":0,"hd":false,"mn":"ADBE Vector Filter - Merge","nm":"Merge Paths 1","mm":1},{"ty":"fl","bm":0,"hd":false,"mn":"ADBE Vector Graphic - Fill","nm":"Fill 1","c":{"a":0,"k":[0.9882,0.9451,0.9451],"ix":4},"r":1,"o":{"a":0,"k":100,"ix":5}},{"ty":"tr","a":{"a":0,"k":[0,0],"ix":1},"s":{"a":0,"k":[100,100],"ix":3},"sk":{"a":0,"k":0,"ix":4},"p":{"a":0,"k":[38.872,23.25],"ix":2},"r":{"a":0,"k":0,"ix":6},"sa":{"a":0,"k":0,"ix":5},"o":{"a":0,"k":100,"ix":7}}]},{"ty":"gr","bm":0,"hd":false,"mn":"ADBE Vector Group","nm":"Group 2","ix":2,"cix":2,"np":2,"it":[{"ty":"sh","bm":0,"hd":false,"mn":"ADBE Vector Shape - Group","nm":"Path 1","ix":1,"d":1,"ks":{"a":0,"k":{"c":true,"i":[[0.181,0.155],[0,0],[0,0],[0,0],[0.445,0],[0,0]],"o":[[0,0],[0,0],[0,0],[0.315,0.315],[0,0],[-0.239,0]],"v":[[-1.761,1.259],[-4.98,-1.5],[2.52,-1.5],[4.665,0.646],[4.313,1.5],[-1.111,1.5]]},"ix":2}},{"ty":"fl","bm":0,"hd":false,"mn":"ADBE Vector Graphic - Fill","nm":"Fill 1","c":{"a":0,"k":[0,0,0],"ix":4},"r":1,"o":{"a":0,"k":100,"ix":5}},{"ty":"tr","a":{"a":0,"k":[0,0],"ix":1},"s":{"a":0,"k":[100,100],"ix":3},"sk":{"a":0,"k":0,"ix":4},"p":{"a":0,"k":[38.937,23.25],"ix":2},"r":{"a":0,"k":0,"ix":6},"sa":{"a":0,"k":0,"ix":5},"o":{"a":0,"k":100,"ix":7}}]},{"ty":"gr","bm":0,"hd":false,"mn":"ADBE Vector Group","nm":"Group 3","ix":3,"cix":2,"np":2,"it":[{"ty":"sh","bm":0,"hd":false,"mn":"ADBE Vector Shape - Group","nm":"Path 1","ix":1,"d":1,"ks":{"a":0,"k":{"c":true,"i":[[0.276,0],[0,0],[0,0.276],[-0.276,0],[0,0],[0,-0.276]],"o":[[0,0],[-0.276,0],[0,-0.276],[0,0],[0.276,0],[0,0.276]],"v":[[2.108,0.5],[-2.108,0.5],[-2.608,0],[-2.108,-0.5],[2.108,-0.5],[2.608,0]]},"ix":2}},{"ty":"fl","bm":0,"hd":false,"mn":"ADBE Vector Graphic - Fill","nm":"Fill 1","c":{"a":0,"k":[0,0,0],"ix":4},"r":1,"o":{"a":0,"k":100,"ix":5}},{"ty":"tr","a":{"a":0,"k":[0,0],"ix":1},"s":{"a":0,"k":[100,100],"ix":3},"sk":{"a":0,"k":0,"ix":4},"p":{"a":0,"k":[39.934,19.75],"ix":2},"r":{"a":0,"k":0,"ix":6},"sa":{"a":0,"k":0,"ix":5},"o":{"a":0,"k":100,"ix":7}}]},{"ty":"gr","bm":0,"hd":false,"mn":"ADBE Vector Group","nm":"Group 4","ix":4,"cix":2,"np":4,"it":[{"ty":"sh","bm":0,"hd":false,"mn":"ADBE Vector Shape - Group","nm":"Path 1","ix":1,"d":1,"ks":{"a":0,"k":{"c":true,"i":[[0,0],[0,0],[0,0],[0,0],[0.091,-0.077]],"o":[[0,0],[0,0],[0,0],[-0.12,0],[0,0]],"v":[[-3.564,1],[2.377,1],[4.377,-1],[-1.045,-1],[-1.371,-0.88]]},"ix":2}},{"ty":"sh","bm":0,"hd":false,"mn":"ADBE Vector Shape - Group","nm":"Path 2","ix":2,"d":1,"ks":{"a":0,"k":{"c":true,"i":[[0.133,0],[0,0],[0.072,0.197],[-0.159,0.135],[0,0],[-0.358,0],[0,0],[-0.155,-0.375],[0.288,-0.287],[0,0]],"o":[[0,0],[-0.209,0],[-0.073,-0.196],[0,0],[0.272,-0.233],[0,0],[0.406,0],[0.156,0.375],[0,0],[-0.094,0.093]],"v":[[2.584,2],[-4.916,2],[-5.384,1.673],[-5.241,1.121],[-2.022,-1.639],[-1.045,-2],[4.377,-2],[5.301,-1.383],[5.084,-0.293],[2.938,1.854]]},"ix":2}},{"ty":"mm","bm":0,"hd":false,"mn":"ADBE Vector Filter - Merge","nm":"Merge Paths 1","mm":1},{"ty":"fl","bm":0,"hd":false,"mn":"ADBE Vector Graphic - Fill","nm":"Fill 1","c":{"a":0,"k":[0.9882,0.9451,0.9451],"ix":4},"r":1,"o":{"a":0,"k":100,"ix":5}},{"ty":"tr","a":{"a":0,"k":[0,0],"ix":1},"s":{"a":0,"k":[100,100],"ix":3},"sk":{"a":0,"k":0,"ix":4},"p":{"a":0,"k":[38.872,20.25],"ix":2},"r":{"a":0,"k":0,"ix":6},"sa":{"a":0,"k":0,"ix":5},"o":{"a":0,"k":100,"ix":7}}]},{"ty":"gr","bm":0,"hd":false,"mn":"ADBE Vector Group","nm":"Group 5","ix":5,"cix":2,"np":2,"it":[{"ty":"sh","bm":0,"hd":false,"mn":"ADBE Vector Shape - Group","nm":"Path 1","ix":1,"d":1,"ks":{"a":0,"k":{"c":true,"i":[[0.181,-0.155],[0,0],[0,0],[0,0],[0.445,0],[0,0]],"o":[[0,0],[0,0],[0,0],[0.315,-0.315],[0,0],[-0.239,0]],"v":[[-1.761,-1.259],[-4.98,1.5],[2.52,1.5],[4.665,-0.646],[4.313,-1.5],[-1.111,-1.5]]},"ix":2}},{"ty":"fl","bm":0,"hd":false,"mn":"ADBE Vector Graphic - Fill","nm":"Fill 1","c":{"a":0,"k":[0,0,0],"ix":4},"r":1,"o":{"a":0,"k":100,"ix":5}},{"ty":"tr","a":{"a":0,"k":[0,0],"ix":1},"s":{"a":0,"k":[100,100],"ix":3},"sk":{"a":0,"k":0,"ix":4},"p":{"a":0,"k":[38.937,20.25],"ix":2},"r":{"a":0,"k":0,"ix":6},"sa":{"a":0,"k":0,"ix":5},"o":{"a":0,"k":100,"ix":7}}]}],"ind":2,"parent":1},{"ty":4,"nm":"Layer 17 Outlines 5","sr":1,"st":0,"op":120,"ip":0,"hd":false,"ddd":0,"bm":0,"hasMask":false,"ao":0,"ks":{"a":{"a":0,"k":[21.844,21.75,0],"ix":1},"s":{"a":0,"k":[909.3020000000001,909.3020000000001,100],"ix":6},"sk":{"a":0,"k":0},"p":{"a":0,"k":[246.30700000000002,250,0],"ix":2},"r":{"a":1,"k":[{"o":{"x":0.34,"y":0},"i":{"x":0.66,"y":1},"s":[0],"t":0},{"o":{"x":0.341,"y":0},"i":{"x":0.667,"y":0.742},"s":[-16],"t":21},{"o":{"x":0.33,"y":-3.705},"i":{"x":0.662,"y":1},"s":[369.936],"t":88},{"s":[360],"t":113}],"ix":10},"sa":{"a":0,"k":0},"o":{"a":0,"k":100,"ix":11}},"ef":[],"shapes":[{"ty":"gr","bm":0,"hd":false,"mn":"ADBE Vector Group","nm":"Group 7","ix":1,"cix":2,"np":2,"it":[{"ty":"sh","bm":0,"hd":false,"mn":"ADBE Vector Shape - Group","nm":"Path 1","ix":1,"d":1,"ks":{"a":0,"k":{"c":true,"i":[[1.026,0],[0,1.93],[-1.93,0],[-0.666,-0.796],[0.211,-0.178],[0.177,0.212],[0.742,0],[0,-1.378],[-1.378,0],[-0.476,0.557],[-0.209,-0.178],[0.179,-0.21]],"o":[[-1.93,0],[0,-1.93],[1.039,0],[0.177,0.212],[-0.211,0.179],[-0.476,-0.569],[-1.378,0],[0,1.378],[0.733,0],[0.18,-0.21],[0.21,0.179],[-0.666,0.78]],"v":[[0.32,3.5],[-3.18,0],[0.32,-3.5],[3.003,-2.247],[2.941,-1.542],[2.236,-1.605],[0.32,-2.5],[-2.18,0],[0.32,2.5],[2.221,1.623],[2.926,1.567],[2.982,2.272]]},"ix":2}},{"ty":"fl","bm":0,"hd":false,"mn":"ADBE Vector Graphic - Fill","nm":"Fill 1","c":{"a":0,"k":[0.9882,0.9451,0.9451],"ix":4},"r":1,"o":{"a":0,"k":100,"ix":5}},{"ty":"tr","a":{"a":0,"k":[0,0],"ix":1},"s":{"a":0,"k":[100,100],"ix":3},"sk":{"a":0,"k":0,"ix":4},"p":{"a":0,"k":[21.43,21.75],"ix":2},"r":{"a":0,"k":0,"ix":6},"sa":{"a":0,"k":0,"ix":5},"o":{"a":0,"k":100,"ix":7}}]}],"ind":3},{"ty":4,"nm":"Layer 17 Outlines 4","sr":1,"st":0,"op":120,"ip":0,"hd":false,"ddd":0,"bm":0,"hasMask":false,"ao":0,"ks":{"a":{"a":0,"k":[21.844,21.75,0],"ix":1},"s":{"a":0,"k":[909.3020000000001,909.3020000000001,100],"ix":6},"sk":{"a":0,"k":0},"p":{"a":0,"k":[246.30700000000002,250,0],"ix":2},"r":{"a":1,"k":[{"o":{"x":0.34,"y":0},"i":{"x":0.66,"y":1},"s":[0],"t":2},{"o":{"x":0.34,"y":0},"i":{"x":0.667,"y":0.742},"s":[-16],"t":23},{"o":{"x":0.33,"y":-3.705},"i":{"x":0.66,"y":1},"s":[369.936],"t":90},{"s":[360],"t":115}],"ix":10},"sa":{"a":0,"k":0},"o":{"a":0,"k":100,"ix":11}},"ef":[],"shapes":[{"ty":"gr","bm":0,"hd":false,"mn":"ADBE Vector Group","nm":"Group 12","ix":2,"cix":2,"np":2,"it":[{"ty":"sh","bm":0,"hd":false,"mn":"ADBE Vector Shape - Group","nm":"Path 1","ix":1,"d":1,"ks":{"a":0,"k":{"c":true,"i":[[3.304,0],[0,4.136],[-4.136,0],[-0.98,-3.152],[0.264,-0.082],[0.082,0.264],[2.864,0],[0,-3.584],[-3.584,0],[-0.85,2.732],[-0.264,-0.082],[0.082,-0.264]],"o":[[-4.136,0],[0,-4.136],[3.304,0],[0.082,0.264],[-0.263,0.083],[-0.85,-2.732],[-3.584,0],[0,3.584],[2.864,0],[0.082,-0.264],[0.264,0.082],[-0.98,3.152]],"v":[[0.128,7.5],[-7.372,0],[0.128,-7.5],[7.29,-2.23],[6.962,-1.604],[6.335,-1.933],[0.128,-6.5],[-6.372,0],[0.128,6.5],[6.335,1.933],[6.962,1.604],[7.29,2.23]]},"ix":2}},{"ty":"fl","bm":0,"hd":false,"mn":"ADBE Vector Graphic - Fill","nm":"Fill 1","c":{"a":0,"k":[0,0,0],"ix":4},"r":1,"o":{"a":0,"k":100,"ix":5}},{"ty":"tr","a":{"a":0,"k":[0,0],"ix":1},"s":{"a":0,"k":[100,100],"ix":3},"sk":{"a":0,"k":0,"ix":4},"p":{"a":0,"k":[21.622,21.75],"ix":2},"r":{"a":0,"k":0,"ix":6},"sa":{"a":0,"k":0,"ix":5},"o":{"a":0,"k":100,"ix":7}}]},{"ty":"gr","bm":0,"hd":false,"mn":"ADBE Vector Group","nm":"Group 14","ix":3,"cix":2,"np":2,"it":[{"ty":"sh","bm":0,"hd":false,"mn":"ADBE Vector Shape - Group","nm":"Path 1","ix":1,"d":1,"ks":{"a":0,"k":{"c":true,"i":[[5.87,0],[0,6.893],[-6.893,0],[-1.216,-5.732],[0.27,-0.058],[0.058,0.271],[5.4,0],[0,-6.341],[-6.341,0],[-1.118,5.274],[-0.267,-0.055],[0.057,-0.27]],"o":[[-6.893,0],[0,-6.893],[5.869,0],[0.057,0.27],[-0.268,0.057],[-1.118,-5.273],[-6.341,0],[0,6.341],[5.4,0],[0.057,-0.27],[0.271,0.058],[-1.215,5.733]],"v":[[0.108,12.5],[-12.393,0],[0.108,-12.5],[12.336,-2.607],[11.95,-2.014],[11.357,-2.4],[0.108,-11.5],[-11.393,0],[0.108,11.5],[11.358,2.398],[11.95,2.012],[12.336,2.605]]},"ix":2}},{"ty":"fl","bm":0,"hd":false,"mn":"ADBE Vector Graphic - Fill","nm":"Fill 1","c":{"a":0,"k":[0.9882,0.9451,0.9451],"ix":4},"r":1,"o":{"a":0,"k":100,"ix":5}},{"ty":"tr","a":{"a":0,"k":[0,0],"ix":1},"s":{"a":0,"k":[100,100],"ix":3},"sk":{"a":0,"k":0,"ix":4},"p":{"a":0,"k":[21.642,21.75],"ix":2},"r":{"a":0,"k":0,"ix":6},"sa":{"a":0,"k":0,"ix":5},"o":{"a":0,"k":100,"ix":7}}]}],"ind":4},{"ty":4,"nm":"Layer 17 Outlines 3","sr":1,"st":0,"op":120,"ip":0,"hd":false,"ddd":0,"bm":0,"hasMask":false,"ao":0,"ks":{"a":{"a":0,"k":[21.844,21.75,0],"ix":1},"s":{"a":0,"k":[909.3020000000001,909.3020000000001,100],"ix":6},"sk":{"a":0,"k":0},"p":{"a":0,"k":[246.30700000000002,250,0],"ix":2},"r":{"a":1,"k":[{"o":{"x":0.34,"y":0},"i":{"x":0.66,"y":1},"s":[0],"t":4},{"o":{"x":0.34,"y":0},"i":{"x":0.667,"y":0.742},"s":[-16],"t":25},{"o":{"x":0.33,"y":-3.705},"i":{"x":0.66,"y":1},"s":[369.936],"t":92},{"s":[360],"t":117}],"ix":10},"sa":{"a":0,"k":0},"o":{"a":0,"k":100,"ix":11}},"ef":[],"shapes":[{"ty":"gr","bm":0,"hd":false,"mn":"ADBE Vector Group","nm":"Group 16","ix":2,"cix":2,"np":2,"it":[{"ty":"sh","bm":0,"hd":false,"mn":"ADBE Vector Shape - Group","nm":"Path 1","ix":1,"d":1,"ks":{"a":0,"k":{"c":true,"i":[[7.112,0],[0,9.098],[-9.098,0],[-2.24,-6.765],[0.262,-0.087],[0.087,0.262],[6.699,0],[0,-8.547],[-8.547,0],[-2.115,6.332],[-0.262,-0.088],[0.087,-0.262]],"o":[[-9.098,0],[0,-9.098],[7.131,0],[0.087,0.262],[-0.264,0.086],[-2.104,-6.355],[-8.547,0],[0,8.547],[6.681,0],[0.086,-0.262],[0.262,0.087],[-2.251,6.742]],"v":[[0.373,16.5],[-16.127,0],[0.373,-16.5],[16.04,-5.19],[15.723,-4.558],[15.091,-4.875],[0.373,-15.5],[-15.127,0],[0.373,15.5],[15.079,4.913],[15.711,4.597],[16.027,5.229]]},"ix":2}},{"ty":"fl","bm":0,"hd":false,"mn":"ADBE Vector Graphic - Fill","nm":"Fill 1","c":{"a":0,"k":[0,0,0],"ix":4},"r":1,"o":{"a":0,"k":100,"ix":5}},{"ty":"tr","a":{"a":0,"k":[0,0],"ix":1},"s":{"a":0,"k":[100,100],"ix":3},"sk":{"a":0,"k":0,"ix":4},"p":{"a":0,"k":[21.377,21.75],"ix":2},"r":{"a":0,"k":0,"ix":6},"sa":{"a":0,"k":0,"ix":5},"o":{"a":0,"k":100,"ix":7}}]},{"ty":"gr","bm":0,"hd":false,"mn":"ADBE Vector Group","nm":"Group 18","ix":3,"cix":2,"np":2,"it":[{"ty":"sh","bm":0,"hd":false,"mn":"ADBE Vector Shape - Group","nm":"Path 1","ix":1,"d":1,"ks":{"a":0,"k":{"c":true,"i":[[9.949,0],[0,11.855],[-11.855,0],[-2.387,-9.593],[0.268,-0.067],[0.066,0.268],[9.439,0],[0,-11.304],[-11.304,0],[-2.24,9.204],[-0.266,-0.065],[0.066,-0.268]],"o":[[-11.855,0],[0,-11.855],[9.899,0],[0.066,0.269],[-0.267,0.065],[-2.275,-9.147],[-11.304,0],[0,11.304],[9.487,0],[0.065,-0.268],[0.269,0.066],[-2.35,9.654]],"v":[[0.272,21.5],[-21.228,0],[0.272,-21.5],[21.138,-5.206],[20.773,-4.6],[20.167,-4.964],[0.272,-20.5],[-20.228,0],[0.272,20.5],[20.19,4.868],[20.794,4.5],[21.162,5.104]]},"ix":2}},{"ty":"fl","bm":0,"hd":false,"mn":"ADBE Vector Graphic - Fill","nm":"Fill 1","c":{"a":0,"k":[0.9882,0.9451,0.9451],"ix":4},"r":1,"o":{"a":0,"k":100,"ix":5}},{"ty":"tr","a":{"a":0,"k":[0,0],"ix":1},"s":{"a":0,"k":[100,100],"ix":3},"sk":{"a":0,"k":0,"ix":4},"p":{"a":0,"k":[21.478,21.75],"ix":2},"r":{"a":0,"k":0,"ix":6},"sa":{"a":0,"k":0,"ix":5},"o":{"a":0,"k":100,"ix":7}}]}],"ind":5}],"v":"5.7.3","fr":24,"op":120,"ip":0,"assets":[]}