{"nm":"Eye","ddd":0,"h":600,"w":600,"meta":{"g":"@lottiefiles/toolkit-js 0.33.2"},"layers":[{"ty":4,"nm":"NUZ","sr":1,"st":0,"op":120,"ip":0,"hd":false,"ddd":0,"bm":0,"hasMask":false,"ao":0,"ks":{"a":{"a":0,"k":[0,0,0],"ix":1},"s":{"a":0,"k":[20,20,100],"ix":6},"sk":{"a":0,"k":0},"p":{"a":0,"k":[300,300,0],"ix":2},"r":{"a":0,"k":180,"ix":10},"sa":{"a":0,"k":0},"o":{"a":0,"k":100,"ix":11}},"ef":[],"shapes":[{"ty":"gr","bm":0,"hd":false,"mn":"ADBE Vector Group","nm":"Shape 1","ix":1,"cix":2,"np":3,"it":[{"ty":"sh","bm":0,"hd":false,"mn":"ADBE Vector Shape - Group","nm":"Path 1","ix":1,"d":1,"ks":{"a":1,"k":[{"o":{"x":0.333,"y":0},"i":{"x":0.667,"y":1},"s":[{"c":false,"i":[[0,0],[-700,0],[0,0]],"o":[[0,0],[700,0],[0,0]],"v":[[-1351,0],[0,-628],[1351,0]]}],"t":0},{"o":{"x":0.333,"y":0},"i":{"x":0.667,"y":1},"s":[{"c":false,"i":[[0,0],[-700,0],[0,0]],"o":[[0,0],[700,0],[0,0]],"v":[[-1351,0],[0,-628],[1351,0]]}],"t":40},{"o":{"x":0.333,"y":0},"i":{"x":0.667,"y":1},"s":[{"c":false,"i":[[0,0],[-700,0],[0,0]],"o":[[0,0],[700,0],[0,0]],"v":[[-1351,0],[0,-250],[1351,0]]}],"t":80},{"s":[{"c":false,"i":[[0,0],[-700,0],[0,0]],"o":[[0,0],[700,0],[0,0]],"v":[[-1351,0],[0,-628],[1351,0]]}],"t":120}],"ix":2,"x":"var $bm_rt;\n$bm_rt = valueAtTime($bm_mod(time, key(numKeys).time));"}},{"ty":"st","bm":0,"hd":false,"mn":"ADBE Vector Graphic - Stroke","nm":"Stroke 1","lc":2,"lj":1,"ml":4,"o":{"a":0,"k":100,"ix":4},"w":{"a":0,"k":99,"ix":5},"c":{"a":0,"k":[0,0,0],"ix":3}},{"ty":"tr","a":{"a":0,"k":[0,0],"ix":1},"s":{"a":0,"k":[100,100],"ix":3},"sk":{"a":0,"k":0,"ix":4},"p":{"a":0,"k":[0,0],"ix":2},"r":{"a":0,"k":0,"ix":6},"sa":{"a":0,"k":0,"ix":5},"o":{"a":0,"k":100,"ix":7}}]}],"ind":1},{"ty":4,"nm":"VERX","sr":1,"st":0,"op":120,"ip":0,"hd":false,"ddd":0,"bm":0,"hasMask":false,"ao":0,"ks":{"a":{"a":0,"k":[0,0,0],"ix":1},"s":{"a":0,"k":[20,20,100],"ix":6},"sk":{"a":0,"k":0},"p":{"a":0,"k":[300,300,0],"ix":2},"r":{"a":0,"k":0,"ix":10},"sa":{"a":0,"k":0},"o":{"a":0,"k":100,"ix":11}},"ef":[],"shapes":[{"ty":"gr","bm":0,"hd":false,"mn":"ADBE Vector Group","nm":"Shape 1","ix":1,"cix":2,"np":2,"it":[{"ty":"sh","bm":0,"hd":false,"mn":"ADBE Vector Shape - Group","nm":"Path 1","ix":1,"d":1,"ks":{"a":1,"k":[{"o":{"x":0.333,"y":0},"i":{"x":0.667,"y":1},"s":[{"c":false,"i":[[0,0],[-700,0],[0,0]],"o":[[0,0],[700,0],[0,0]],"v":[[-1351,0],[0,-628],[1351,0]]}],"t":0},{"o":{"x":0.333,"y":0},"i":{"x":0.667,"y":1},"s":[{"c":false,"i":[[0,0],[-700,0],[0,0]],"o":[[0,0],[700,0],[0,0]],"v":[[-1351,0],[0,-628],[1351,0]]}],"t":40},{"o":{"x":0.333,"y":0},"i":{"x":0.667,"y":1},"s":[{"c":false,"i":[[0,0],[-700,0],[0,0]],"o":[[0,0],[700,0],[0,0]],"v":[[-1351,0],[0,250],[1351,0]]}],"t":80},{"s":[{"c":false,"i":[[0,0],[-700,0],[0,0]],"o":[[0,0],[700,0],[0,0]],"v":[[-1351,0],[0,-628],[1351,0]]}],"t":120}],"ix":2,"x":"var $bm_rt;\n$bm_rt = valueAtTime($bm_mod(time, key(numKeys).time));"}},{"ty":"st","bm":0,"hd":false,"mn":"ADBE Vector Graphic - Stroke","nm":"Stroke 1","lc":2,"lj":1,"ml":4,"o":{"a":0,"k":100,"ix":4},"w":{"a":0,"k":99,"ix":5},"c":{"a":0,"k":[0,0,0],"ix":3}},{"ty":"tr","a":{"a":0,"k":[0,0],"ix":1},"s":{"a":0,"k":[100,100],"ix":3},"sk":{"a":0,"k":0,"ix":4},"p":{"a":0,"k":[0,0],"ix":2},"r":{"a":0,"k":0,"ix":6},"sa":{"a":0,"k":0,"ix":5},"o":{"a":0,"k":100,"ix":7}}]}],"ind":2},{"ty":4,"nm":"MATTE","sr":1,"st":0,"op":120,"ip":0,"hd":false,"ddd":0,"bm":0,"hasMask":false,"td":1,"ao":0,"ks":{"a":{"a":0,"k":[0,0,0],"ix":1},"s":{"a":0,"k":[20,20,100],"ix":6},"sk":{"a":0,"k":0},"p":{"a":0,"k":[300,300,0],"ix":2},"r":{"a":0,"k":0,"ix":10},"sa":{"a":0,"k":0},"o":{"a":0,"k":100,"ix":11}},"ef":[],"shapes":[{"ty":"gr","bm":0,"hd":false,"mn":"ADBE Vector Group","nm":"Shape 1","ix":1,"cix":2,"np":3,"it":[{"ty":"sh","bm":0,"hd":false,"mn":"ADBE Vector Shape - Group","nm":"Path 1","ix":1,"d":1,"ks":{"a":1,"k":[{"o":{"x":0.333,"y":0},"i":{"x":0.667,"y":1},"s":[{"c":false,"i":[[0,0],[-700,0],[0,0],[700,0],[0,0]],"o":[[0,0],[700,0],[0,0],[-700,0],[0,0]],"v":[[-1350,0],[0,-628],[1350,0],[0,628],[-1350,0]]}],"t":0},{"o":{"x":0.333,"y":0},"i":{"x":0.667,"y":1},"s":[{"c":false,"i":[[0,0],[-700,0],[0,0],[700,0],[0,0]],"o":[[0,0],[700,0],[0,0],[-700,0],[0,0]],"v":[[-1350,0],[0,-628],[1350,0],[0,628],[-1350,0]]}],"t":40},{"o":{"x":0.333,"y":0},"i":{"x":0.667,"y":1},"s":[{"c":false,"i":[[0,0],[-700,0],[0,0],[700,0],[0,0]],"o":[[0,0],[700,0],[0,0],[-700,0],[0,0]],"v":[[-1350,0],[0,250],[1350,0],[0,250],[-1350,0]]}],"t":80},{"s":[{"c":false,"i":[[0,0],[-700,0],[0,0],[700,0],[0,0]],"o":[[0,0],[700,0],[0,0],[-700,0],[0,0]],"v":[[-1350,0],[0,-628],[1350,0],[0,628],[-1350,0]]}],"t":120}],"ix":2,"x":"var $bm_rt;\n$bm_rt = valueAtTime($bm_mod(time, key(numKeys).time));"}},{"ty":"st","bm":0,"hd":false,"mn":"ADBE Vector Graphic - Stroke","nm":"Stroke 1","lc":2,"lj":2,"ml":1,"o":{"a":0,"k":100,"ix":4},"w":{"a":0,"k":99,"ix":5},"c":{"a":0,"k":[1,0,0],"ix":3}},{"ty":"fl","bm":0,"hd":false,"mn":"ADBE Vector Graphic - Fill","nm":"Fill 1","c":{"a":0,"k":[1,0,0],"ix":4},"r":1,"o":{"a":0,"k":100,"ix":5}},{"ty":"tr","a":{"a":0,"k":[0,0],"ix":1},"s":{"a":0,"k":[100,100],"ix":3},"sk":{"a":0,"k":0,"ix":4},"p":{"a":0,"k":[0,0],"ix":2},"r":{"a":0,"k":0,"ix":6},"sa":{"a":0,"k":0,"ix":5},"o":{"a":0,"k":100,"ix":7}}]}],"ind":3},{"ty":4,"nm":"ZRACHOK","sr":1,"st":0,"op":120,"ip":0,"hd":false,"ddd":0,"bm":0,"tt":1,"hasMask":false,"ao":0,"ks":{"a":{"a":0,"k":[0,0,0],"ix":1},"s":{"a":0,"k":[20,20,100],"ix":6},"sk":{"a":0,"k":0},"p":{"a":0,"k":[300,300,0],"ix":2},"r":{"a":0,"k":0,"ix":10},"sa":{"a":0,"k":0},"o":{"a":0,"k":100,"ix":11}},"ef":[],"shapes":[{"ty":"gr","bm":0,"hd":false,"mn":"ADBE Vector Group","nm":"OBOD","ix":1,"cix":2,"np":2,"it":[{"ty":"el","bm":0,"hd":false,"mn":"ADBE Vector Shape - Ellipse","nm":"Ellipse Path 1","d":1,"p":{"a":0,"k":[0,0],"ix":3},"s":{"a":1,"k":[{"o":{"x":0.333,"y":0},"i":{"x":0.667,"y":1},"s":[1120,1120],"t":0},{"o":{"x":0.333,"y":0},"i":{"x":0.667,"y":1},"s":[1120,1120],"t":40},{"o":{"x":0.333,"y":0},"i":{"x":0.667,"y":1},"s":[799,799],"t":80},{"s":[1120,1120],"t":120}],"ix":2,"x":"var $bm_rt;\n$bm_rt = loopOut();"}},{"ty":"st","bm":0,"hd":false,"mn":"ADBE Vector Graphic - Stroke","nm":"Stroke 1","lc":1,"lj":1,"ml":4,"o":{"a":0,"k":100,"ix":4},"w":{"a":0,"k":100,"ix":5},"c":{"a":0,"k":[0,0,0],"ix":3}},{"ty":"tr","a":{"a":0,"k":[0,0],"ix":1},"s":{"a":0,"k":[100,100],"ix":3},"sk":{"a":0,"k":0,"ix":4},"p":{"a":0,"k":[0,0],"ix":2},"r":{"a":0,"k":0,"ix":6},"sa":{"a":0,"k":0,"ix":5},"o":{"a":0,"k":100,"ix":7}}]},{"ty":"gr","bm":0,"hd":false,"mn":"ADBE Vector Group","nm":"SEREDUNA","ix":2,"cix":2,"np":2,"it":[{"ty":"sh","bm":0,"hd":false,"mn":"ADBE Vector Shape - Group","nm":"Path 1","ix":1,"d":1,"ks":{"a":0,"k":{"c":true,"i":[[82.843,0],[0.111,0],[0,-25.073],[25.129,0],[0,25.129],[-24.897,0.27],[0,-82.508],[-82.843,0],[0,82.843]],"o":[[-0.111,0],[25.052,0.091],[0,25.129],[-25.129,0],[0,-24.961],[-82.381,0.539],[0,82.843],[82.843,0],[0,-82.843]],"v":[[200,50],[199.667,50.004],[245,95.5],[199.5,141],[154,95.5],[198.999,50.013],[50,200],[200,350],[350,200]]},"ix":2}},{"ty":"fl","bm":0,"hd":false,"mn":"ADBE Vector Graphic - Fill","nm":"Fill 1","c":{"a":0,"k":[0,0,0],"ix":4},"r":1,"o":{"a":0,"k":100,"ix":5}},{"ty":"tr","a":{"a":0,"k":[200,199.896],"ix":1},"s":{"a":1,"k":[{"o":{"x":0.333,"y":0},"i":{"x":0.667,"y":1},"s":[280,280],"t":0},{"o":{"x":0.333,"y":0},"i":{"x":0.667,"y":1},"s":[280,280],"t":40},{"o":{"x":0.333,"y":0},"i":{"x":0.667,"y":1},"s":[200,200],"t":80},{"s":[280,280],"t":120}],"ix":3,"x":"var $bm_rt;\n$bm_rt = loopOut();"},"sk":{"a":0,"k":0,"ix":4},"p":{"a":0,"k":[0,0],"ix":2},"r":{"a":1,"k":[{"o":{"x":0.333,"y":0},"i":{"x":0.667,"y":1},"s":[-43],"t":0},{"o":{"x":0.333,"y":0},"i":{"x":0.667,"y":1},"s":[-43],"t":40},{"o":{"x":0.333,"y":0},"i":{"x":0.667,"y":1},"s":[-265],"t":80},{"s":[-43],"t":119}],"ix":6},"sa":{"a":0,"k":0,"ix":5},"o":{"a":0,"k":100,"ix":7}}]}],"ind":4}],"v":"5.12.2","fr":60,"op":120,"ip":0,"assets":[]}